business_id,name,primary_category,categories,city,price_range,avg_rating,review_count
Pawavw9U8rjxWVPU-RB7LA,Richie Chan's Chinese Restaurant,Chinese,"Chinese, Restaurants",Cleveland,1,3.3,10
VUb97h3RTg6InKdfgB49Bw,Happy Dog at the Euclid Tavern,Bars,"Restaurants, Bars, Arts & Entertainment, Nightlife, Hot Dogs, American (Traditional), Music Venues, Dive Bars",Cleveland,1,3.975609756097561,41
CtYWpX_cy1YdZgoKtS0Tqg,Happys Pizza,Pizza,"Pizza, Restaurants",Cleveland,1,2.2,10
8FZftD3Y5jQ2R44EDBqhlA,Cafe Bon Appetit,Creperies,"Restaurants, Creperies, Sandwiches, Mediterranean, Food",Cleveland,1,4.5,16
YNI26xBkdOzI1TMGmIcEaw,Taco Bell Cantina,Mexican,"Mexican, Restaurants, Fast Food",Cleveland,1,4.0,13
MTsIckdo3_uKuqk3B4zuKA,Cleveland Pickle,Specialty Food,"Restaurants, Specialty Food, Food, Sandwiches",Cleveland,1,4.0181818181818185,55
TW6A7M0j0R9hp1zYpxz2FQ,District,American (New),"American (New), Brasseries, Restaurants",Cleveland,2,3.5294117647058822,34
GYHaejDRFdUgyRm8X_g8rg,Shay's,American (New),"Restaurants, American (New)",Cleveland,1,3.75,8
VGRn5KgYKMkqdIKtBUzQQA,Wahlburgers,Burgers,"Burgers, Restaurants, American (Traditional)",Cleveland,2,3.7058823529411766,17
1veVZUawy7IhIc5oDpRRQA,Slyman's Restaurant,Sandwiches,"Sandwiches, American (Traditional), Restaurants",Cleveland,2,4.5661764705882355,136
N9qQPezv9swXFLPgoMdhOg,IHOP,American (New),"American (New), American (Traditional), Restaurants, Breakfast & Brunch",Cleveland,1,2.1818181818181817,11
10Jk5ilimXrfAq8JJ1gISg,Saigon Grille,Vietnamese,"Restaurants, Vietnamese",Cleveland,1,3.8125,48
pcs7jXj_mvuLQq6DQ3Ggcg,Seti's Polish Boys,American (Traditional),"American (Traditional), Restaurants, Street Vendors, Food Stands, Food Trucks, Food, Fast Food, Hot Dogs",Cleveland,1,4.235294117647059,17
knJh7agyWMdPyndI9dURjw,Zócalo Tequilería,Cocktail Bars,"Cocktail Bars, Mexican, Bars, Nightlife, Restaurants, Seafood",Cleveland,2,2.3216783216783217,143
k9vukbB0xYq_FC9KpktnbQ,811 Kitchen Bar Lounge,Nightlife,"Nightlife, Restaurants, Cocktail Bars, American (New), Bars, Lounges",Cleveland,2,3.8636363636363638,22
blU2m56zkJc0SucLnbc4vw,Vine and Bean,Breakfast & Brunch,"Breakfast & Brunch, Food, Coffee & Tea, Restaurants",Cleveland,2,3.6923076923076925,13
JftoP9r6TT98v83hfY9RZw,Mandarin House Chinese Restaurant,Food,"Food, Chinese, Restaurants, Vietnamese",Cleveland,1,3.6666666666666665,12
6WdKJJbK6EC5R8PKGWMsng,Katherine's Family Restaurant,Restaurant,Restaurants,Cleveland,1,3.0,6
KRM-JflDiqIpJUToNQc7pw,Larchmere Tavern,American (Traditional),"American (Traditional), Restaurants",Cleveland,2,3.8181818181818183,11
Ywdy4YARQK1ZWOCDzZDi-w,Sarava At Shaker Square,Steakhouses,"Steakhouses, Restaurants, Brazilian, Seafood",Cleveland,2,3.787878787878788,33
OERShuAgSxyjmXJ8IwT2zA,Boston Market,Event Planning & Services,"Event Planning & Services, Caterers, American (Traditional), Comfort Food, Restaurants",Cleveland,1,3.0,4
hmfAdo6LuVOvBLiu75C8ZA,Luca Italian Cuisine,Italian,"Restaurants, Italian",Cleveland,3,4.254545454545455,55
cdsxkycC_xrXlOdsm5yZUw,Nunzio's Pizzeria,Pizza,"Restaurants, Pizza",Cleveland,2,3.3333333333333335,9
XUA7xA7myMaCuN6G3xYdIA,Number One Pho,Vietnamese,"Vietnamese, Restaurants",Cleveland,2,3.2142857142857144,84
YVkcZQEfH0qQRtN86CoSDQ,Batuqui,Brazilian,"Brazilian, Salad, Restaurants, Tapas/Small Plates, Latin American, Tapas Bars",Cleveland,2,4.2631578947368425,19
1FRf6pdx7AtI6HZXIlAZWA,Sunset Grill,American (New),"Restaurants, American (New)",Cleveland,1,3.5,14
Sb2a5N9gSLICYkMVSjszsA,Wolfgang Puck Express,American (New),"American (New), Restaurants, Pizza",Cleveland,2,3.7857142857142856,14
bjbegGikWzSgeVsOJdE22g,Chili Peppers,Mexican,"Restaurants, Mexican",Cleveland,1,3.911764705882353,34
DYhGhT9bvsija74RVt8tCQ,Alex Bistro & Bar CLOSED,Nightlife,"Nightlife, Mediterranean, Bars, Restaurants",Cleveland,2,3.1666666666666665,6
E50mr3xobsahb77IBRwVTQ,Clifton Martini & Wine Bar,Bars,"Bars, Restaurants, Wine Bars, American (New), Tapas/Small Plates, Nightlife",Cleveland,2,3.6666666666666665,36
Yyag9ZHs0hZ7UIGFC04Vqw,Now That's Class Lounge,Arts & Entertainment,"Arts & Entertainment, Dive Bars, Nightlife, Music Venues, Breakfast & Brunch, Bars, Restaurants",Cleveland,1,4.3076923076923075,26
06DxO1hUPQJmtUzIbVNKwQ,Popeyes Louisiana Kitchen,American (Traditional),"American (Traditional), Fast Food, Restaurants, Chicken Wings, Chicken Shop",Cleveland,1,2.125,8
97V91GSG-OQvrvOc9GXoGA,Phusion Cafe,Chinese,"Restaurants, Chinese, Taiwanese, Asian Fusion",Cleveland,1,4.052631578947368,38
7-K3HAcYkS92V0tdgmM2_A,Cedarland Express,Lebanese,"Lebanese, Specialty Food, Restaurants, Middle Eastern, Ethnic Food, Food, Imported Food",Cleveland,1,3.5,6
DjF7FY3KU1MFE6l9W2A3cA,Souper Market,Salad,"Restaurants, Salad, Vegetarian, Soup",Cleveland,1,4.270833333333333,48
G9UlT-mBMdUwoUGCW405ow,Lago,Italian,"Italian, Restaurants",Cleveland,2,4.107142857142857,28
d9sv7fexFJiChG9Xl0SP-A,Hot Sauce Williams Barbecue Restaurant,Barbeque,"Barbeque, Soul Food, Restaurants",Cleveland,1,2.5833333333333335,12
OiS6K4IvKwxIcWlKVywG_w,The Red Chimney,American (Traditional),"American (Traditional), Modern European, Breakfast & Brunch, Restaurants",Cleveland,1,4.181818181818182,11
IPF4KcnNTuITlyiaSooD4w,Tommy's Fairview Tavern,Nightlife,"Nightlife, Pubs, American (Traditional), Bars, Restaurants, Karaoke",Cleveland,2,3.5,18
VH2BjFjc9usDquDgoHhptA,Barrio,Food,"Restaurants, Food, Breakfast & Brunch, Desserts, Mexican",Cleveland,2,4.037037037037037,81
KfiSiJZ73oO0TyJSsu851g,Bon Vivant,Cafes,"Restaurants, Cafes, Nightlife, Bars, Diners",Cleveland,2,3.6666666666666665,18
JkQSLe_rBftbTJdZuQFlSw,Chinato,Italian,"Restaurants, Italian",Cleveland,3,3.984848484848485,132
r3lT2Qd80FXBoJKaVGY1Vw,Al's Deli,Middle Eastern,"Middle Eastern, Restaurants, Delis, Sandwiches",Cleveland,1,4.0,15
bsme1TUoEQt5EDF7O6HBrg,Dragon Light,Chinese,"Restaurants, Chinese",Cleveland,1,4.0,5
7tiobQOY3WLYYJl4uMEfrQ,Brickstone,American (Traditional),"American (Traditional), Sandwiches, Pizza, Restaurants",Cleveland,2,2.8333333333333335,6
XYQx_ADdAYwfUEgN7eGmQA,Asian Grille,Thai,"Restaurants, Thai",Cleveland,2,3.823529411764706,17
jjBTBObnHrY87qQIMybjzQ,Blue Jade,Chinese,"Restaurants, Chinese",Cleveland,1,3.7142857142857144,7
vBMAdtlABJ1qb1ryaeOugA,Potbelly Sandwich Shop,Delis,"Delis, Salad, Restaurants, Soup, Sandwiches, Fast Food",Cleveland,1,3.5714285714285716,21
8hwbcCNUv345Kw1xfOCcWg,Brown Derby,Steakhouses,"Steakhouses, Nightlife, Wine Bars, Bars, Restaurants",Cleveland,2,3.0833333333333335,12
M4RwZL5bTBTwwbVcoaDbtw,Rowley Inn,Beer,"Beer, Wine & Spirits, Burgers, Bars, American (Traditional), Nightlife, Food, Restaurants, Karaoke, Dive Bars, Comfort Food, Sandwiches",Cleveland,1,4.588235294117647,17
OzRGWW5R05kC0pQyUHX3lg,Guarino's Restaurant,American (New),"American (New), Party & Event Planning, Restaurants, Italian, Event Planning & Services",Cleveland,2,3.16,25
Sja9RHq7FpwDcmfzbGfIxQ,Moriarty's Pub,Pubs,"Pubs, Restaurants, Irish, Nightlife, Bars",Cleveland,1,3.5,8
ZxYPXtZQ-6DFyl4VQkTELQ,Washington Place Bistro,American (New),"American (New), Hotels & Travel, Hotels, Restaurants, Food, Desserts, Event Planning & Services",Cleveland,2,4.1645569620253164,79
zH3HFpkJZ9EmWMRhw1oypA,Superior Restaurant,Sandwiches,"Sandwiches, Delis, Restaurants",Cleveland,2,4.071428571428571,14
ddlnpDxGDDxGGoG_dVXwiw,Felice,Cafes,"Cafes, Bars, American (New), Desserts, Restaurants, Italian, Nightlife, Food",Cleveland,2,3.9571428571428573,70
BLfCMa2yWNo70D3wwAxwow,Grovewood Tavern and Wine Bar,Caterers,"Restaurants, Caterers, American (New), Nightlife, Wine Bars, American (Traditional), Bars, Event Planning & Services",Cleveland,2,4.142857142857143,56
ohIzA0mZOtS6_9q_pJYKrg,Alesci's of South Euclid,Food,"Food, Grocery, Event Planning & Services, Restaurants, Caterers, Delis",Cleveland,2,4.2,15
j4170xdQJTwSvXFpsQzWtg,Rincón Criollo,Caribbean,"Caribbean, Breakfast & Brunch, Puerto Rican, Restaurants, Latin American, Mexican",Cleveland,1,3.3666666666666667,30
B6nhGEqt6rzXw6TwltTspA,PIZZAFIRE,Pizza,"Pizza, Salad, Restaurants",Cleveland,1,3.6666666666666665,36
KWnLw61n0v4plYLhmD4v7w,Foundation Room,Nightlife,"Nightlife, Music Venues, American (New), Lounges, Restaurants, Dance Clubs, Arts & Entertainment, Bars",Cleveland,3,3.875,8
ToHKLIjR05Rz9boWvmWaPA,Corner Alley,Bowling,"Restaurants, Bowling, American (Traditional), Sports Bars, Nightlife, Bars, American (New), Active Life",Cleveland,2,3.3333333333333335,57
KhtmCNHqCH6cnxirsenndA,Fisher's Tavern,American (Traditional),"American (Traditional), Restaurants",Cleveland,2,3.3333333333333335,6
9JUynLfWPwe1X9gsJS6FTA,Cleveland Chop,Seafood,"Seafood, Steakhouses, American (New), Nightlife, Bars, Restaurants",Cleveland,2,3.5316455696202533,79
cUwNW5NEua_yMcAx-X2sMg,Grumpy's Cafe,American (Traditional),"American (Traditional), Caterers, Breakfast & Brunch, Salad, Event Planning & Services, Restaurants",Cleveland,2,3.5121951219512195,123
tNJgmbODR-N0qdPGy4Vsrw,El Jalapeños,Mexican,"Restaurants, Mexican",Cleveland,2,3.4827586206896552,58
4s-eHLQcoMqAgfzbiQsKIw,Rascal House,Food,"Food, Pizza, Restaurants",Cleveland,1,2.875,8
USRXU4ASBAFSKhlk-KVrCw,Bo Loong,Chinese,"Restaurants, Chinese",Cleveland,2,2.9743589743589745,39
uTKrt3rE4xgYyuiOtRWDvw,Dagwood Sandwich Shop,Sandwiches,"Sandwiches, Restaurants",Cleveland,1,4.0,10
pGu7YwnkIueer-3r3pkQdg,Rascal House,Breakfast & Brunch,"Breakfast & Brunch, Pizza, Sandwiches, Chicken Wings, Food, Food Delivery Services, Restaurants, Fast Food",Cleveland,1,3.7777777777777777,9
WvunDFSs2hJrPHVFqB6Y1w,Brothers Pizza,Mexican,"Mexican, Couriers & Delivery Services, American (New), Pizza, Food Delivery Services, Fast Food, Restaurants, Food, Local Services",Cleveland,1,3.6363636363636362,11
ebgu1HjoE5S45U7oKyq4sw,Tick Tock Tavern,American (Traditional),"American (Traditional), Chicken Wings, Barbeque, Nightlife, Bars, Diners, Pubs, Greek, Restaurants, Dive Bars",Cleveland,1,3.409090909090909,22
uYl_QBtb7bXhu9sgb4kCrg,ABC the Tavern,Event Planning & Services,"Event Planning & Services, Food, Nightlife, Caterers, Bars, American (Traditional), Beer, Wine & Spirits, Restaurants",Cleveland,1,3.4444444444444446,36
V2sxcWosKBDwxZQ3J7unOQ,Porcelli's Italian Bistro,Italian,"Italian, Restaurants",Cleveland,2,3.2941176470588234,17
EVfJbLXSMZOF8K3vFOaLOw,Rockne's,Burgers,"Burgers, American (Traditional), Restaurants",Cleveland,2,3.25,20
nBmpmc4R7LP8HjII7DJgkA,Bounce Cleveland,American (Traditional),"American (Traditional), Bars, Nightlife, Restaurants, Gay Bars",Cleveland,2,3.1666666666666665,12
mLjDh0vQYBCY6g9T1HczVw,Great Lakes Brewing Co.,Bars,"Restaurants, Bars, Pubs, American (Traditional), Nightlife",Cleveland,2,3.8,25
loXkZgAd70KMjP8ISCnZPQ,China Express,Chinese,"Restaurants, Chinese",Cleveland,2,4.0,5
iIe6PLxsZDVyrKf4ziKxyw,Ontario Street Cafe,Cafes,"Restaurants, Cafes, American (Traditional), Bars, Sandwiches, Nightlife",Cleveland,1,4.3478260869565215,23
dQwjYLmQXb06CpMPIpm5-g,Villa Y Zapata,Mexican,"Mexican, Restaurants",Cleveland,2,4.2727272727272725,33
_wpUUDnJwrn7eSYAjnv7WA,Brothers Lounge,Nightlife,"Nightlife, Restaurants, Bars, Jazz & Blues, Arts & Entertainment, Lounges, Music Venues",Cleveland,2,4.129032258064516,31
vdloJPM3bSpQTMlwdFek2A,Butcher and the Brewer,Breweries,"Breweries, Nightlife, Pubs, American (New), Food, Restaurants, Bars, Beer, Wine & Spirits",Cleveland,2,3.857142857142857,112
QUjJmpTQvGus8WfYq1dtOw,Battiste & Dupree Cajun Grill,Cajun/Creole,"Cajun/Creole, Restaurants, Sandwiches, Seafood",Cleveland,2,4.133333333333334,30
lfdiEgr4xbbn6waskIZj4A,Pounders Bar & Grill,American (Traditional),"American (Traditional), Beer, Wine & Spirits, Restaurants, Chicken Wings, Sports Bars, Food, Bars, Nightlife",Cleveland,1,4.142857142857143,14
JBt7b3Z9of23xuz3_uIq3Q,Beet Jar Juicebar & Takeaway,Food,"Food, Restaurants, Sandwiches, Juice Bars & Smoothies",Cleveland,2,4.523809523809524,42
j6JAY0KpNCVgOmq9G6MZuA,Little Italy's Feast of the Assumption,Local Flavor,"Local Flavor, Italian, Festivals, Arts & Entertainment, Restaurants",Cleveland,2,3.5,10
EP1do6l8hLyIGEru0gN3EQ,Johnny Mango World Cafe & Bar,Vegetarian,"Vegetarian, Caribbean, American (New), Restaurants",Cleveland,2,3.748148148148148,135
TnO9SmZoRNfJlbNV1wBKYw,Red Lantern Kitchen & Bar,Gastropubs,"Gastropubs, Restaurants",Cleveland,2,3.323529411764706,34
_PUGXxBeY2Z9OOosFS056w,Tavern Of Little Italy,Nightlife,"Restaurants, Nightlife, Burgers, Breakfast & Brunch, American (New), Bars",Cleveland,2,3.5714285714285716,14
2L0I4w2_32aVJq-IzhZSig,Restore Cold Pressed,Juice Bars & Smoothies,"Juice Bars & Smoothies, Cafes, Food, Restaurants",Cleveland,2,4.65625,32
yhxv_FcPrWQglM0g0DSEwQ,Touch Supper Truck,Food Stands,"Food Stands, Restaurants, Street Vendors, Food, American (New)",Cleveland,1,4.5,10
UXXAzmuz2olKSpte9eF4Vw,Moncho's Bar & Grill,Colombian,"Restaurants, Colombian, Latin American, Tapas Bars, Seafood",Cleveland,2,3.5384615384615383,13
jhCcZgDhPh5oiPgOXYTkrg,Best Gyros,Mediterranean,"Mediterranean, Greek, Restaurants, Sandwiches",Cleveland,1,3.8,25
AsVR-X40wAzI7z7oRpsbTA,Cuisine Du Cambodge,Cambodian,"Cambodian, Thai, Vietnamese, Restaurants",Cleveland,1,4.373134328358209,67
WG3zvUktE1l3llwq3PPVVg,Nate's Deli & Restaurant,Middle Eastern,"Middle Eastern, Restaurants, Delis",Cleveland,1,4.4035087719298245,57
K74HYkFjYwhEpJt8HTOxnQ,Johnny's Bar,Italian,"Restaurants, Italian",Cleveland,3,4.217391304347826,23
nfnr1RP2VjV6K_OkbX6avQ,Fish Shack And Grill,Spanish,"Spanish, Seafood, Barbeque, Restaurants",Cleveland,2,4.0,7
4P3zCFzQ1tT_7PLD73gMvQ,Back Stage Bar,Bars,"Bars, Restaurants, American (Traditional), Nightlife",Cleveland,2,4.0,9
jmTirQw-n4V_Z4g1-RE9iw,Kung Fu Tea,Food,"Restaurants, Food, Bubble Tea, Juice Bars & Smoothies, Japanese, Coffee & Tea",Cleveland,1,4.631578947368421,19
L4xtiJPS_VSbmBxTfOwjCQ,A Cookie & A Cupcake Boutique,Cupcakes,"Cupcakes, Bakeries, Food, Gluten-Free, Restaurants",Cleveland,1,4.5,14
Z0c9-Eoxz7SQ__68bl3TQw,Nora,Food,"Food, Italian, Restaurants, Desserts, Salad",Cleveland,2,4.1875,16
DUOrYFyHiJ27yOtTgCw0HA,Vino Veritas Little Italy,Bars,"Bars, Nightlife, Food, Beer, Wine & Spirits, Wineries, Wine Bars, Lounges, Restaurants, Jazz & Blues, Arts & Entertainment, Cafes",Cleveland,2,4.090909090909091,11
Pj0rFqv0EcdNdlpnRvLZBg,Callaloo Café and Bar,Nightlife,"Restaurants, Nightlife, Vegetarian, Bars, Caribbean, Trinidadian",Cleveland,1,4.0,10
myorOrDcPgwYwNXcFs0qBQ,Steve's Lunch,Hot Dogs,"Restaurants, Hot Dogs",Cleveland,1,4.083333333333333,24
ugPCIr4fZXtuHbC6xNctaA,Mom's Family Restaurant,Breakfast & Brunch,"Breakfast & Brunch, Restaurants, American (Traditional), Soup, American (New)",Cleveland,1,3.7142857142857144,7
ZJWKb-ooSCPUjZLeWD-p_A,Rubin's Family Restaurant & Deli,Delis,"Delis, American (Traditional), Restaurants",Cleveland,1,3.3,20
jmeDvVx3wzCBlTBN7XNb-Q,Alley Cat Oyster Bar,American (New),"American (New), Seafood, Restaurants",Cleveland,3,3.6736842105263157,95
dOIUk3wm8LU8-FUpCKa1eg,Karl's Inn Of The Barristers,Sandwiches,"Sandwiches, Restaurants, Pubs, American (New), Nightlife, Bars",Cleveland,2,3.357142857142857,14
KXqOT3vyx8Ao7com4yST-g,Chapati Indian Grill,Indian,"Indian, Restaurants",Cleveland,1,2.75,8
hSU3MbB9Yu8MlybxfmABeg,Maxi's,Italian,"Restaurants, Italian, Pizza",Cleveland,2,3.6610169491525424,59
H3cMcV9KK3g2pi68lDNsng,Luxe Kitchen & Lounge,Italian,"Italian, Tapas Bars, Mediterranean, Lounges, Bars, Nightlife, Restaurants, Vegan, American (New), Vegetarian",Cleveland,2,3.869565217391304,138
ZUvAR3I1uhC27zQFcRXumw,Dina's Pizza & Pub,Bars,"Bars, Nightlife, Burgers, Pizza, Restaurants, Sports Bars",Cleveland,2,3.6136363636363638,44
T-_xEyoDPAKV-I6iQlbKWA,McDonald's,Fast Food,"Fast Food, Burgers, Restaurants",Cleveland,1,1.7777777777777777,9
NDfcum0Zpa2o9czVgRds9w,Steak 'n Shake,Breakfast & Brunch,"Restaurants, Breakfast & Brunch, Burgers, American (New), Fast Food",Cleveland,1,2.25,8
wnyMhlR5KCWkTCzQ1_gOUQ,Mi Pueblo Taqueria,Mexican,"Restaurants, Mexican",Cleveland,2,4.016393442622951,61
iJpmIt-i9-VeChouLcPXbA,Arrabiata's Italian Restaurant,Italian,"Restaurants, Italian",Cleveland,2,3.6363636363636362,11
Bl8_M_kDXZt_zsrLRgDulA,Al & B's Barbeque,Barbeque,"Restaurants, Barbeque",Cleveland,1,4.222222222222222,9
PXJH9H6fJslcNYHnVTgFCQ,Popeyes Louisiana Kitchen,Fast Food,"Fast Food, Restaurants, Chicken Wings, American (Traditional), Southern",Cleveland,1,3.75,8
dC6OXF_4Bd9nDOSRc8VTGw,J. B. Mack Macaroni & Cheese Kitchen,Comfort Food,"Restaurants, Comfort Food",Cleveland,1,2.5,8
1SJiW_mW6IlEe7hqMTnjYg,China Wok,Chinese,"Restaurants, Chinese",Cleveland,1,3.7142857142857144,7
KJuWKVel8fO37UTtXkpZ_w,The Clubhouse,Salad,"Restaurants, Salad, Bars, Nightlife, Lounges, Modern European, Pubs",Cleveland,2,3.6666666666666665,9
r6o9Fi0rHCB3f1mEGdL61A,Presto Sandwiches,Sandwiches,"Restaurants, Sandwiches",Cleveland,1,4.416666666666667,12
nqiTujxNtEpA8dPATEQRrg,Table 45,Sushi Bars,"Sushi Bars, Bars, Lounges, American (New), Restaurants, Nightlife",Cleveland,3,3.0,42
u1qzJu0JwbKU-HjIFjq8kw,Dewey's Coffee House,Bagels,"Bagels, Ice Cream & Frozen Yogurt, Restaurants, Sandwiches, Coffee & Tea, Food",Cleveland,1,4.03125,32
Vv7aXgWg2TEXfrfE_-FFrA,Papa Joe's Subs & Pasta,Sandwiches,"Sandwiches, Italian, Cheesesteaks, Restaurants",Cleveland,1,4.1,10
t2O4Qx74U_IfBzDHJzvUCA,Urban Farmer,American (Traditional),"American (Traditional), Restaurants, American (New), Steakhouses",Cleveland,2,3.970873786407767,103
GCr0eTVnVzFE72c-VJezoQ,Angelo's Nido Italia,Italian,"Restaurants, Italian",Cleveland,2,3.619047619047619,21
pW-fOxuaWBkIhum5NANx2w,China Sea Express,Chinese,"Restaurants, Chinese",Cleveland,1,2.9,10
ZspvlO5Dvtd517YhVLJJ_A,Tomo Sushi & Hibachi,Steakhouses,"Steakhouses, Restaurants, Japanese, Sushi Bars",Cleveland,2,2.693877551020408,49
hcrjdLHf8UlR-D1-rTEkfw,Open Pitt Barb-B-Que,Barbeque,"Barbeque, Restaurants, Soul Food",Cleveland,1,4.363636363636363,11
9bxcpud3GREFOxKY2cbheA,Verso Casual Italian Bistro and Pizzeria,Pizza,"Pizza, Italian, Restaurants",Cleveland,2,3.875,16
bfF90MspMbqLWdcEU9JLcg,Wild Ginger China Bistro,Chinese,"Restaurants, Chinese",Cleveland,2,2.909090909090909,22
pWyhmTVRNw6hix3J__SqvQ,Hotspot Cafe,Sandwiches,"Sandwiches, Burgers, Breakfast & Brunch, Cafes, Restaurants, American (New)",Cleveland,1,3.8275862068965516,29
S_02VqM-sXAY9kDhvGxXtw,Five Guys,Burgers,"Restaurants, Burgers, American (New), Fast Food",Cleveland,1,3.6,10
NVC1MFGTobWxYcuo_z7BGQ,Etna Restaurant & Wine Bar,Nightlife,"Nightlife, Wine Bars, Seafood, Bars, Restaurants, Italian",Cleveland,2,3.9166666666666665,12
CbsS6VvPsIvpytUbLAu71Q,Oriental Palace Buffet,Chinese,"Chinese, Restaurants, Buffets",Cleveland,1,2.875,16
Vc8sXKEdO9yVxbRlwBFHKQ,China Sea,Chinese,"Restaurants, Chinese",Cleveland,1,2.3333333333333335,12
aiU0FRtHTIHBWMYapw79LA,The Reddstone,Pubs,"Pubs, American (New), Nightlife, Bars, Restaurants",Cleveland,2,3.0508474576271185,59
CDqPVVvQtVncNQGydnZy7A,Beachland Ballroom and Tavern,Bars,"Bars, Restaurants, Music Venues, Breakfast & Brunch, Dive Bars, Arts & Entertainment, Nightlife",Cleveland,1,4.323943661971831,71
DZBAkVf8HU4U4ZQ_yKECBQ,Giovanni's Meats & Deli,Food,"Food, Specialty Food, Restaurants, Meat Shops, Local Services, Knife Sharpening, Delis",Cleveland,1,4.75,8
vBZ0cwtWKUN4t6sFCpSFCw,Thai Origin,Thai,"Restaurants, Thai",Cleveland,2,3.0,18
9_0FtoabuC42T7AWDk5_sA,Algebra Tea House,Coffee & Tea,"Restaurants, Coffee & Tea, Tea Rooms, Food, Cafes",Cleveland,1,4.238095238095238,63
-dFfucHmOtgDmDneps-mgA,Mallorca,Seafood,"Seafood, Portuguese, Spanish, Restaurants",Cleveland,3,3.1298701298701297,77
F6FYo3IpVwvAJ04kcwEh_w,Brooklyn Barbeque,American (Traditional),"Restaurants, American (Traditional), Soul Food, Barbeque",Cleveland,2,3.8461538461538463,13
vybX7mQJLYm6HP1vRxZBDQ,Ugly Broad Tavern,Bars,"Bars, American (Traditional), Nightlife, Restaurants, Dive Bars",Cleveland,1,4.333333333333333,6
xzQzJTu47vNCYlpB8jdMaw,George's  Kitchen,Comfort Food,"Comfort Food, Diners, Restaurants",Cleveland,1,4.370967741935484,62
N5nB7bt89WYvobTGIP1vPA,Empress Taytu Ethiopian Restaurant,Vegetarian,"Vegetarian, Specialty Food, Ethnic Food, Ethiopian, Restaurants, Vegan, Food, Gluten-Free",Cleveland,2,3.869565217391304,46
eZo_WH35_ugK6kqcF0M2Ig,Bob Golic's Sports Bar And Grille,Nightlife,"Restaurants, Nightlife, Bars, American (Traditional), Sports Bars",Cleveland,1,1.8571428571428572,7
v4PsaviYCaSaFIejGszMvg,Kabob House,Middle Eastern,"Middle Eastern, Restaurants",Cleveland,1,4.416666666666667,12
KUAI4xdaC3BJmkpT22KIVQ,ENCORE Rock Bar & Grill,Burgers,"Burgers, Restaurants, American (Traditional), Nightlife, Bars",Cleveland,1,3.75,4
caYlxQ7kaYcUZwcqJKNyoA,Caribe Bake Shop,Food,"Restaurants, Food, Bakeries, Latin American",Cleveland,1,4.25,24
F6a-o0Ig1iSVamX1LbdDEg,Pho 99,Vietnamese,"Vietnamese, Restaurants",Cleveland,1,3.888888888888889,18
4qCYRklxSuTdN2z6dC2KeQ,5th Avenue Deli & Grill,Middle Eastern,"Middle Eastern, Delis, Breakfast & Brunch, Restaurants",Cleveland,2,3.7142857142857144,21
CpUfCSFoTNlZRzzz5U9V0w,Mexican Village Restaurant,Mexican,"Mexican, Restaurants",Cleveland,2,2.4285714285714284,7
68kpmZBEb6x7wG1HBeLQ3g,J. Gumbo's,Cajun/Creole,"Restaurants, Cajun/Creole",Cleveland,1,4.171428571428572,35
p8p6xfFWbxN070r5qt32Rw,Barristers Deli,Sandwiches,"Restaurants, Sandwiches, Delis, American (New), Burgers, Event Planning & Services, Caterers",Cleveland,1,4.0,4
J-3u7M186SmAoC1l0ViEFw,Penn Station,Burgers,"Burgers, Restaurants",Cleveland,1,2.8333333333333335,6
ZedwJdX1jQ7Hw1CzU3VDLw,La Pizzeria,Gelato,"Gelato, Restaurants, Pizza, Food",Cleveland,2,3.5384615384615383,13
lxU5_YEsvMsn1k7Ol-i3xQ,Sam Sylk's Chicken And Fish,Chicken Wings,"Restaurants, Chicken Wings, Seafood, American (Traditional)",Cleveland,1,2.25,4
I2lDmQHDxnUKbEBJuJCW6w,Hunan East,Chinese,"Restaurants, Chinese",Cleveland,2,3.5,24
GIfZNMP0oIJCje_Xp0Bgrw,The Greenhouse Tavern,Breakfast & Brunch,"Breakfast & Brunch, Gastropubs, American (New), Restaurants",Cleveland,3,3.7533333333333334,300
tIby_wfzpZ5QH02IWFNogg,China Sea by CSU,Food,"Food, Social Clubs, Chinese, Taiwanese, Arts & Entertainment, Restaurants, Bubble Tea",Cleveland,1,4.071428571428571,14
UoRSHohdGuzfrpydZ9j0Lg,Luchita's Mexican Restaurant,Mexican,"Mexican, Restaurants, Latin American",Cleveland,2,3.404255319148936,47
ZPAkg2phFo_p3U-QjvHVPw,Mama Santa's,Pizza,"Pizza, Salad, Restaurants, Italian, Sandwiches",Cleveland,2,3.053763440860215,93
Rt7gjrTceO86sCtnS8Td0g,Green Rooster Farms,Sandwiches,"Restaurants, Sandwiches",Cleveland,1,4.052631578947368,19
nv1XdkWviHXO7N6mK8O1yg,Don's Lighthouse,Seafood,"Restaurants, Seafood, Steakhouses, American (New)",Cleveland,2,3.727272727272727,55
i5A6Bb9SpaYb3_Yr40Pk2g,Taste of China,Chinese,"Restaurants, Chinese",Cleveland,2,4.5,4
dmu1wM0CRgeoTIUXFihU7Q,QDOBA Mexican Eats,Event Planning & Services,"Restaurants, Event Planning & Services, Mexican, Caterers, Fast Food",Cleveland,1,3.15,20
uziDWXfTvCYlbQYrJT0iAQ,Yours Truly Restaurant,Gluten-Free,"Gluten-Free, American (Traditional), Restaurants",Cleveland,2,4.222222222222222,9
dpEE0QVbYvpbuYgXBawmDg,Crop Rocks,Bars,"Bars, Nightlife, American (New), Restaurants",Cleveland,2,3.3125,16
QJ1YpQLVuentjgTQqNqqpw,XO Prime Steaks,Steakhouses,"Restaurants, Steakhouses",Cleveland,3,3.8666666666666667,60
dcytjy24XmYrLtjTjgyEZA,Rocky's Pizza,Pizza,"Restaurants, Pizza",Cleveland,2,3.75,8
xqxRWwtyvXCWZvVUM0tepg,Michelson & Morley,American (Traditional),"American (Traditional), Sandwiches, Pizza, Chicken Wings, Fast Food, Event Planning & Services, Venues & Event Spaces, Restaurants",Cleveland,2,4.0,5
mXaqyzYTqiTc-LrTFAm0Yw,Sabor Miami Cafe & Gallery,Cafes,"Restaurants, Cafes, Latin American",Cleveland,1,4.866666666666666,15
BDgfcq9xGZFtePH0YyV9ZA,Sixth City Diner,Breakfast & Brunch,"Breakfast & Brunch, American (New), Restaurants, Diners",Cleveland,1,2.875,8
QjZFYd5hme7EHegpuJngMQ,D'Vine Wine Bar,Tapas/Small Plates,"Restaurants, Tapas/Small Plates, Wine Bars, Nightlife, Bars",Cleveland,2,3.7142857142857144,28
wmstf9dw0-kN3YThIxx8eQ,Stone Mad Pub,Irish,"Irish, Bars, Pubs, Nightlife, Restaurants",Cleveland,2,3.739130434782609,69
dAkg4Tucp7b5AIPwkqjAGg,Abc the Tavern,American (New),"Restaurants, American (New), Dive Bars, American (Traditional), Nightlife, Bars",Cleveland,1,3.84375,64
rRTz0zVbjmrEY8dEZmPJTA,Otani Noodle,Noodles,"Noodles, Restaurants, Ramen, Japanese",Cleveland,2,3.911111111111111,45
ntds2JP29DPYp765oFqptw,Rusty Anchor,Party & Event Planning,"Party & Event Planning, Arts & Entertainment, Steakhouses, Seafood, Restaurants, Event Planning & Services",Cleveland,2,3.7777777777777777,18
QMAD8tvYgh53N-AyIvFHAw,Panini's on Coventry,American (New),"American (New), Bars, Sports Bars, Nightlife, American (Traditional), Sandwiches, Restaurants",Cleveland,2,2.717948717948718,39
G63I6tTMcQDBavorYBWUSg,Champps Restaurant & Bar,American (Traditional),"American (Traditional), Bars, Restaurants, Sports Bars, Nightlife",Cleveland,2,2.7222222222222223,18
8yZ_nBgRC3CT1RFJC6KhXA,Gene's Place To Dine,Breakfast & Brunch,"Restaurants, Breakfast & Brunch, Sandwiches",Cleveland,1,4.117647058823529,17
1RBh8N3oGEQpu20Sq_BAwA,Massimo da Milano,Bakeries,"Bakeries, Italian, Restaurants, Food",Cleveland,1,2.0,6
pnYDtPaVw_xRBHm9y0y4gg,Sammy's Beach Bar & Grill,Nightlife,"Nightlife, Restaurants, Bars, American (Traditional)",Cleveland,2,1.8571428571428572,7
de2E6-wKURd0RLJaq8mrTg,Happy's Pizza,Pizza,"Pizza, Restaurants",Cleveland,1,2.8333333333333335,6
rwKSKNRKXVERaltnjVltEA,Arcade Pizza,Fast Food,"Fast Food, Restaurants, Pizza",Cleveland,1,3.2222222222222223,9
QKhAME4uxgrOn-Aq3OURUQ,Harry Buffalo,Bars,"Bars, American (Traditional), Pubs, Burgers, Nightlife, Restaurants",Cleveland,2,3.142857142857143,42
rV6PwAjgpTx5Knr5lYouoQ,Master Pizza,Italian,"Italian, Event Planning & Services, Restaurants, Pizza, Caterers",Cleveland,1,3.15,20
Xg_eCdx99z5Y1oTLimniOw,Boaz Cafe,Lebanese,"Lebanese, Sandwiches, Food, Restaurants, Middle Eastern, Mediterranean, Juice Bars & Smoothies",Cleveland,1,4.72972972972973,37
olgPGh22pPVRkKw-c1ZOuA,Gus's Diner One Eight Five,Diners,"Restaurants, Diners",Cleveland,1,3.6153846153846154,13
S57rr30za_KzIUGkFqg3mw,Hard Rock Cafe,Burgers,"Burgers, Nightlife, Music Venues, Restaurants, American (New), American (Traditional), Arts & Entertainment",Cleveland,2,3.16,25
VV4NAmS0KJ8A8xOcQnKB6A,The Coffee House,Coffee & Tea,"Coffee & Tea, Restaurants, Food, Breakfast & Brunch",Cleveland,1,3.125,24
MX3TL4-ij22rLFBD1XjKGw,Fahrenheit,American (New),"American (New), Asian Fusion, Bars, Restaurants, Nightlife, Seafood, Cocktail Bars",Cleveland,3,4.111111111111111,99
XLA5RQ-Afg-OgeLhSTjabQ,Hotz's Café,American (Traditional),"American (Traditional), Pubs, Restaurants, Nightlife, Bars",Cleveland,1,4.315789473684211,19
z71cDtFTgwvT7ihsxesTzA,Chapati Indian Grill,Indian,"Indian, Restaurants, Halal, Vegan",Cleveland,1,2.6923076923076925,13
binymvD2QxETihoAmHOMSQ,Austin's Smokin' Steakhouse,Steakhouses,"Steakhouses, Restaurants",Cleveland,2,2.888888888888889,9
qeJ8OUASkd0KQ1oEN3P--w,The Dog House,Food,"Food, Hot Dogs, Restaurants",Cleveland,1,4.142857142857143,7
51w8nETUAMrTNQtuH9dZYw,Munch Vegetarian Kitchen,Vegetarian,"Restaurants, Vegetarian",Cleveland,1,3.0,5
VMcUG1dw4ldI_ldA2lGyEA,Kan Zaman,Dance Clubs,"Dance Clubs, Nightlife, Restaurants, Middle Eastern",Cleveland,2,3.3125,16
6g8S6V0iyYu6QMvt0QfIqA,Heck's Cafe,Burgers,"Restaurants, Burgers, American (Traditional), Breakfast & Brunch",Cleveland,2,3.663157894736842,95
8CRoFhyVzple6ji3S1_L-A,Ponte Vecchio,Italian,"Italian, Restaurants",Cleveland,3,4.090909090909091,11
lYppFHq_lmKLfUtQBFOheg,Al's Deli,Sandwiches,"Sandwiches, Delis, Restaurants",Cleveland,1,4.4,5
QjEob2WSROiBPVjh0-BfxQ,The Third Place,Sports Bars,"Sports Bars, Nightlife, Bars, American (Traditional), Restaurants",Cleveland,1,3.0,9
P3LC20iTwxv7CicqgNUXzA,Captain Tony's Pizza & Pasta,Pizza,"Pizza, Restaurants, Salad",Cleveland,1,3.4285714285714284,7
ZRLmQ3oAuspAkk5R6BOfyg,Fat Cats,Caterers,"Caterers, Event Planning & Services, Bars, Nightlife, Restaurants, American (New)",Cleveland,2,4.045454545454546,88
eBoRFMm14n6Bte5vJIaeSg,Buffalo Wild Wings,Sports Bars,"Sports Bars, American (Traditional), Nightlife, Bars, Restaurants, Chicken Wings",Cleveland,2,2.6470588235294117,17
UeKaHOLZATrb1H-XW3AiFQ,Holy Craft!,American (New),"American (New), Restaurants, Bars, Beer, Wine & Spirits, Breweries, Nightlife, Gastropubs, Pubs, Food",Cleveland,2,3.4,5
aOvEr1tluvkmwZjpzfxBAg,strEat Mobile Bistro,Food,"Restaurants, Food, American (New), Street Vendors, Food Trucks, Food Stands",Cleveland,1,4.2,10
cXmlv2WBzuB6JLMhaCvLuQ,Han Chinese Kabob & Grill,Specialty Food,"Specialty Food, Restaurants, Soup, Chinese, Noodles, Food",Cleveland,2,4.363636363636363,33
fja2EnaSxKu1D7uctMhw-w,Red The Steakhouse,Caterers,"Restaurants, Caterers, Event Planning & Services, Bars, Nightlife, Steakhouses",Cleveland,3,4.2631578947368425,57
4uMAsbmiYC3O6BfsMJJTJQ,Yum Yum's of Cleveland,Donuts,"Donuts, Breakfast & Brunch, Coffee & Tea, Food, Restaurants",Cleveland,1,4.181818181818182,11
e68xTl12ry5-RMEvWulUoA,JiBARO Gourmet Food Truck,Food Stands,"Food Stands, Specialty Food, Food Trucks, Latin American, Food, Restaurants, Street Vendors, Ethnic Food, Caribbean",Cleveland,1,4.2,10
kH8BdX2FEdREBXfeDsgjYw,Dim And Den Sum,Asian Fusion,"Asian Fusion, Food Trucks, Food, Food Stands, Restaurants",Cleveland,1,4.08,25
p2OvNFiFKnRoWSRON4-lcA,Le Bistro Du Beaujolais,French,"Restaurants, French",Cleveland,3,5.0,9
2qTT_zT99eHT4XqEJTOKLA,Congin's Pizza,Pizza,"Pizza, Italian, Restaurants",Cleveland,2,4.25,8
X0mNw8owxgJXrgTBR-7Yfg,Jack Flaps Luncheonette,American (New),"Restaurants, American (New), Breakfast & Brunch",Cleveland,2,3.5,24
xiGM1EfkRqZBBf1tuyr1vQ,Susy's Soup & Deli,Sandwiches,"Sandwiches, Restaurants, Soup",Cleveland,1,4.217391304347826,23
8B6HoeMy-xCeOarkMANdZA,Quisqueya La Bella,Dominican,"Dominican, Restaurants, Caribbean, Latin American",Cleveland,2,4.666666666666667,6
zKJ4KcZAfTNBIM7OvkVv3A,E 30th Street Cafe,Szechuan,"Szechuan, Restaurants, Chinese, Asian Fusion",Cleveland,2,2.769230769230769,13
l1ug2BtaafDvHpr3JEmbAQ,La Casa Tazumal,Latin American,"Restaurants, Latin American",Cleveland,1,4.1875,16
WuPSEvu8pES752S92awAVQ,Buffalo Wild Wings,Bars,"Bars, Sports Bars, Nightlife, American (Traditional), Chicken Wings, Restaurants",Cleveland,2,3.4444444444444446,9
G-u14MaU6ymd0gZoNX3mAQ,Coda,Jazz & Blues,"Jazz & Blues, Pizza, Bars, Nightlife, Arts & Entertainment, Dive Bars, Restaurants",Cleveland,2,4.0,7
tWtuHpIFtQHMQq8q8DG3dA,Tea House Noodles,Food,"Food, Asian Fusion, Chinese, Restaurants, Noodles, Fast Food, Tea Rooms, Salad, Thai",Cleveland,1,3.813953488372093,43
JX1_mKHN38bjgQP0JB3fkg,Tink Holl Seafood,Chinese,"Chinese, Restaurants, Seafood",Cleveland,2,3.2,5
whh4FifOxjPmhiBi0tyErg,Luna's Deli Restaurant,Delis,"Restaurants, Delis",Cleveland,1,3.4166666666666665,12
a1uoERTwwlf6yTAWaSUakA,Fracas Restaurant,Gastropubs,"Gastropubs, American (New), Nightlife, Bars, Restaurants",Cleveland,2,2.857142857142857,7
G_CW38j3t6VOZiiYtJQvng,Gyro Guys,Cafes,"Cafes, Greek, Restaurants, Sandwiches",Cleveland,1,4.315789473684211,19
fxw_kCJJDSQDtY7QJ66Fog,Cone Zone and Grill,Food,"Restaurants, Food, Ice Cream & Frozen Yogurt, Hot Dogs, American (Traditional)",Cleveland,1,4.0,9
aaWhSHpsE285eaSTzDxAMA,Bistro 185,French,"Restaurants, French, American (New), Mediterranean",Cleveland,2,3.757575757575758,33
drecpkFkgxAuvSglTIo9wQ,MotorMouth Food Truck,American (New),"Restaurants, American (New), Food Stands",Cleveland,2,3.4,10
EOBTIIbjfeLuTdXeFGsOTg,Anna In The Raw,Vegan,"Restaurants, Vegan, Gluten-Free, Food, Juice Bars & Smoothies",Cleveland,2,4.571428571428571,7
H9THotfiu-UjFL44rpLjCw,Provenance Café,Cafes,"Restaurants, Cafes",Cleveland,2,4.090909090909091,11
NBfhphIUcOgUpdf_QdDWvw,Jezebels Bayou,Lounges,"Restaurants, Lounges, Bars, Southern, Nightlife, Cajun/Creole",Cleveland,2,3.52,25
x1wYelMFfNppFvDAU661OQ,Alvie's Gateway Grill,Diners,"Restaurants, Diners",Cleveland,2,4.0,7
nRmTDIs3Gbis9aX2-v1qcw,Shula's 2,Sports Bars,"Sports Bars, Seafood, Restaurants, Nightlife, American (Traditional), Bars, Steakhouses",Cleveland,2,2.7142857142857144,21
2RmL-l7oQQOKNshFMoKl4w,Asia Food Company,Ethnic Food,"Restaurants, Ethnic Food, Imported Food, Food, Grocery, Japanese, Specialty Food",Cleveland,1,3.9523809523809526,21
L7txS44bvz862djgTOim9w,Bac Asian American Bistro & Bar,Asian Fusion,"Asian Fusion, Restaurants",Cleveland,2,4.005586592178771,179
18b_QEiqTD7cwJTLjNgw3g,Noodlecat,Asian Fusion,"Asian Fusion, Restaurants",Cleveland,1,3.8,5
dtszGNoYeZnUC2c1o04UZg,1890 at the Arcade,American (Traditional),"American (Traditional), Restaurants",Cleveland,2,2.9375,16
Tal9LqH3fvSDiF_-YDnfEg,Indian Delight,Indian,"Restaurants, Indian",Cleveland,2,3.6739130434782608,46
akCp7BceIrkkeOV5ndI_bQ,Au Bon Pain,Bakeries,"Bakeries, Restaurants, Cafes, Food",Cleveland,1,3.4166666666666665,12
zYbEKtLeosxhTzF4zSRIyA,Rumi's Market and Deli,Grocery,"Grocery, Food, Delis, Middle Eastern, Ethnic Food, Specialty Food, Restaurants",Cleveland,1,3.857142857142857,7
GDpd9KZdUgnjcoCWTTphqw,Szechuan Gourmet,Szechuan,"Szechuan, Chinese, Restaurants",Cleveland,2,4.4714285714285715,70
ntkeyTQNc735Dr-yjGd_IQ,Fired Up Taco Truck,Mexican,"Mexican, Food Trucks, Food, Street Vendors, Restaurants",Cleveland,1,4.294117647058823,17
RiGtSzVzc42CKjyZkDxZRA,Crop Bistro,American (Traditional),"American (Traditional), Restaurants, Event Planning & Services, Venues & Event Spaces, Nightlife, Bars, American (New), Breakfast & Brunch",Cleveland,3,4.264044943820225,178
h39PkiW3Zt0N_syoRsKbGQ,Las Dos Fronteras,Specialty Food,"Specialty Food, Ethnic Food, Food, Restaurants, Mexican",Cleveland,1,3.727272727272727,22
9SrZRDl7-ZfuENCo0DjfsQ,Punch Bowl Social Cleveland,Active Life,"Active Life, Pubs, Bars, Restaurants, Nightlife, Bowling, Gastropubs, American (New)",Cleveland,2,3.4367816091954024,87
W97YBvhkOOel-HkBBfQbYw,Seven Roses,Polish,"Polish, Delis, Restaurants, Buffets, Sandwiches",Cleveland,1,3.4615384615384617,13
qDqHD4iPXPecT1WnV0JRzA,Bin 216,Beer,"Beer, Wine & Spirits, Food, Restaurants, Tapas/Small Plates, Bars, Fondue, Desserts, Wine Bars, Nightlife",Cleveland,2,3.967741935483871,31
uRbrfI6DW0hn3Vj0tyjycA,V's Gourmet,Chicken Wings,"Chicken Wings, Fast Food, Sandwiches, Southern, Restaurants, Soul Food",Cleveland,1,4.714285714285714,14
IzEHkReZTds6ipOaCq2G6g,House of Blues - Music Venue,American (Traditional),"American (Traditional), Performing Arts, Restaurants, Nightlife, Musicians, American (New), Venues & Event Spaces, Bars, Arts & Entertainment, Music Venues, Event Planning & Services",Cleveland,2,3.2816901408450705,71
VXTReQT3Bqte_Liu58scdw,Canarys Family Restaurant,American (New),"American (New), Restaurants, Diners, Salad",Cleveland,1,3.7142857142857144,7
F-RyIw_kNi4a6TCt281j0A,Frank's Bratwurst,Food,"Food, Restaurants, Food Trucks, Specialty Food, Ethnic Food, Sandwiches, Hot Dogs",Cleveland,1,4.714285714285714,14
iNeiyfZ7MHK8dI0QZ4Ucsg,Big Al's Diner,Breakfast & Brunch,"Breakfast & Brunch, Restaurants, Diners",Cleveland,1,3.26,50
eoJfl5vG7X87QhcKb0nt5Q,Hofbrauhaus Cleveland,Nightlife,"Nightlife, Bars, German, Restaurants",Cleveland,2,3.453488372093023,86
ObelBwE40B5oYm2aA8yTjw,The Harp,Pubs,"Pubs, Irish, Bars, Restaurants, Nightlife",Cleveland,2,3.638888888888889,72
q0PH5CjXSdmpL-LLgCNdeA,Ferrara's Imported Foods,Delis,"Delis, Grocery, Food, Restaurants, Pizza",Cleveland,1,4.7,10
hWgMbRQKIBrAw18-I0KJQQ,Lobby Lounge On 6,Tea Rooms,"Tea Rooms, American (Traditional), Food, Lounges, Bars, Nightlife, Restaurants",Cleveland,3,3.8,5
nkTKlVAdh7DhFJMFvQiAXQ,Paninis Bar & Grill,Sports Bars,"Sports Bars, Pubs, Nightlife, Bars, Pizza, Sandwiches, Restaurants",Cleveland,1,4.071428571428571,14
COuznKd_gb_N8hlOy3_i9w,Zinc At 668,American (New),"American (New), French, Restaurants",Cleveland,3,3.0526315789473686,19
dN2y_stPXdw1u0io64fc0w,Zig's Pub & Grill.,American (New),"American (New), Restaurants",Cleveland,1,3.1666666666666665,6
Dm9p-2DX-3ID90_DsLHauQ,Fuel Coffee Bar,Food,"Food, Cafes, Restaurants, Coffee & Tea",Cleveland,1,3.909090909090909,11
B_ouKNVsEDrGHwec280CAg,Denny's,Diners,"Diners, Breakfast & Brunch, Restaurants, American (Traditional)",Cleveland,1,2.7142857142857144,7
ugGMhvYnjheG3rHKxK2-gQ,Euro Wafel Bar,Coffee & Tea,"Coffee & Tea, Food, Restaurants, Breakfast & Brunch",Cleveland,1,4.0,14
bM3ARXFMxGrntnHS6a7vEQ,Flaming Ice Cube,Vegan,"Vegan, Restaurants",Cleveland,1,3.9642857142857144,56
IXLDpnSLYiyz9tjOrpCFpA,Tilted Kilt Pub & Eatery,Bars,"Bars, Pubs, Restaurants, Chicken Wings, Nightlife, American (Traditional), Sports Bars",Cleveland,2,2.675,40
7fiRVsawDX0vCpoMTbbxcQ,China House,Chinese,"Restaurants, Chinese",Cleveland,1,2.8,5
YI-79PxZcX6X009ynWRLoQ,Mirch Masala,Indian,"Indian, Restaurants",Cleveland,1,2.642857142857143,14
DBGf3gaJ30ObzQ5fo1SSLg,Battery Park Wine Bar,Tapas/Small Plates,"Tapas/Small Plates, Wine Bars, Restaurants, Nightlife, Bars",Cleveland,2,3.5185185185185186,27
bLi48v8Div6Qm2Fyaw0C6Q,Hodge's,American (Traditional),"Restaurants, American (Traditional), Sports Bars, Burgers, Bars, American (New), Nightlife, Tapas/Small Plates",Cleveland,2,3.9705882352941178,136
TKaND6oV1n2ylnCYoAfoag,La Plaza Supermarket,Mexican,"Mexican, Grocery, Restaurants, Bakeries, Food",Cleveland,1,4.666666666666667,75
6XkWMEJc3ecJH6HKKjfclA,Jimmy John's,Food Delivery Services,"Food Delivery Services, Restaurants, Delis, Sandwiches, Food",Cleveland,1,3.125,8
_Rw3EkxvI_tJIVbnT5jT2A,Caffe Roma,Italian,"Italian, Restaurants",Cleveland,2,3.3333333333333335,24
DDzUKZj7EU4mLNbRWwMoFw,Orale Contemporary Mexican Cuisine,Food Stands,"Food Stands, Restaurants, Mexican",Cleveland,2,4.076923076923077,13
Z1mLBp6BMlHSQUh364vk1g,Blue Point Grille,Seafood,"Seafood, Restaurants, American (New)",Cleveland,3,4.181818181818182,88
czBupdPk4qbW5wlMOEOcWQ,Tomaydo Tomahhdo Express,Italian,"Restaurants, Italian",Cleveland,1,4.117647058823529,17
BX-JlaAowcQ5FpPsS4d9rg,Burger King,Hot Dogs,"Restaurants, Hot Dogs, Burgers, Fast Food",Cleveland,1,2.3333333333333335,6
1iQFx2CcAWon9JaBOJUZJw,Flyers Bar & Grill,Nightlife,"Nightlife, Sports Bars, Bars, Restaurants",Cleveland,1,2.4,5
V4YBWutY9j3ONvrTH-EhMg,Giant Eagle Supermarket,Drugstores,"Restaurants, Drugstores, Food, Delis, Shopping, Grocery, Beer, Wine & Spirits",Cleveland,2,2.8947368421052633,19
8FBFFu--uMxj2pxMESeOeQ,Dynomite Burgers & Sushi,Sushi Bars,"Sushi Bars, Burgers, Nightlife, Food, Bars, Restaurants, Beer, Wine & Spirits",Cleveland,2,3.6944444444444446,36
Kr4HUtvJ8zRjCqbCJRSSSQ,Aria Nails,Nail Salons,"Restaurants, Nail Salons, Beauty & Spas",Cleveland,2,4.571428571428571,7
Jzc4lKBUUNo_DD-9aQJsbQ,Dave's Cosmic Subs,Food,"Food, Sandwiches, Restaurants, Specialty Food",Cleveland,1,3.6,25
-JgxoIIxZf0q-PGD7P96Fg,Viaduct Lounge,Nightlife,"Nightlife, Lounges, Party & Event Planning, Restaurants, Bars, Event Planning & Services, American (New)",Cleveland,3,2.888888888888889,9
cd3ZlHmdNI4XlxGQBwPjvA,Big Egg Family Restaurant,Diners,"Restaurants, Diners, Breakfast & Brunch",Cleveland,1,2.9545454545454546,22
XM2qN3PiQbfSYo6zmHgSlQ,Gillespie's Map Room,Pubs,"Restaurants, Pubs, Pizza, Bars, Nightlife",Cleveland,1,3.7777777777777777,72
mrCOQuRY60xAMkQVSf3nCA,Parnell's Irish Pub,Pubs,"Pubs, Bars, Nightlife, Irish Pub, Irish, Restaurants",Cleveland,2,4.142857142857143,21
uBGPTzye3wrxZPf54AXuFg,Nuevo Modern Mexican & Tequila Bar,Nightlife,"Restaurants, Nightlife, New Mexican Cuisine, Cocktail Bars, Bars",Cleveland,2,3.0,37
cXyUYLY2xi4HpqZqjCQmfQ,Ironwood Cafe,Event Planning & Services,"Event Planning & Services, American (New), Nightlife, Restaurants, Bars, Sports Bars, Caterers, Barbeque",Cleveland,2,2.142857142857143,7
nDKX55KbERSd_KzYHPgEdw,Gepetto's And Johnny Malloy's,Nightlife,"Nightlife, Bars, Sports Bars, Restaurants, Pizza",Cleveland,1,2.5,10
Ya9FMj-MWMkeMcog06N5bQ,Bar Louie,Italian,"Italian, Bars, Restaurants, American (New), Nightlife, Cocktail Bars",Cleveland,2,3.1020408163265305,49
yTv4ptghx8xrErx6dcW3HA,Toast,Bars,"Bars, American (Traditional), Nightlife, Breakfast & Brunch, Restaurants, Wine Bars, Tapas/Small Plates",Cleveland,2,3.980769230769231,52
P0ytQBoqSbMG9S7Hx-PAdw,Old Fashion Hot Dogs,Burgers,"Restaurants, Burgers, Fast Food, Hot Dogs",Cleveland,1,4.346153846153846,26
AEUzqUECmLCrPkIS9ryDCw,Applebee's,Burgers,"Burgers, Bars, American (Traditional), Nightlife, Restaurants, Sports Bars",Cleveland,2,2.888888888888889,9
NKMkvLWatV9v7zbMNS6D3g,Jackie Chen Asian Dinner,Asian Fusion,"Asian Fusion, Restaurants",Cleveland,1,4.142857142857143,7
E9OP8TODswMcmTEGXE1C_g,Guys Pizza Co,Pizza,"Pizza, Restaurants, Burgers, Chicken Wings",Cleveland,1,3.0416666666666665,24
UQMQDq8yuxnyQyBIoKhzoQ,Indian Flame Restaurant,Buffets,"Restaurants, Buffets, Indian",Cleveland,2,3.6666666666666665,60
YyyqcbVyoBo4wPsgowUtUQ,SASA,Japanese,"Japanese, Restaurants",Cleveland,2,3.8125,48
7LzhLKAwS7PHUvaPIW833A,Dominic's Santos,American (Traditional),"American (Traditional), Pizza, Restaurants, Italian",Cleveland,2,2.9,10
umYIc-FJg-3tsqoVaM-Mnw,Earth Bistro Cafe,Cuban,"Restaurants, Cuban, Vegan, Juice Bars & Smoothies, Vegetarian, Food",Cleveland,2,4.392857142857143,28
RahdAQ5h6_nu50jeR2EKTQ,State Road Pizza,Pizza,"Restaurants, Pizza",Cleveland,1,4.0,5
AFafWFYGKjJZ1pTvjnot2g,The Pub,British,"British, Nightlife, Pubs, Bars, Restaurants",Cleveland,2,2.9473684210526314,19
nIJr76IGIGS3nkmieY3Vow,Trattoria Roman Gardens,Italian,"Restaurants, Italian",Cleveland,2,3.492063492063492,63
4sYUOH1R2r4mCCJSjJ66ow,Academy Tavern,Nightlife,"Nightlife, American (Traditional), Restaurants, Pubs, Bars",Cleveland,2,3.8333333333333335,30
qfOSFYfT23CIya1KmD7EGw,Grayton Road Tavern,Nightlife,"Nightlife, Bars, Burgers, American (Traditional), Sports Bars, Restaurants, Pubs",Cleveland,2,3.5454545454545454,11
pM5OiwjOih7twp4mP0Rmhw,The Old Angle Tavern,Nightlife,"Nightlife, American (Traditional), Bars, Pubs, Restaurants",Cleveland,2,3.9411764705882355,51
zZa54XuYySbT1DI2WG4i3A,Otto Moser Restaurant,Nightlife,"Nightlife, Restaurants, American (Traditional), Bars",Cleveland,2,2.5714285714285716,7
ZLPAP1YKL56ODigLn4wd3w,The Willeyville,American (New),"Restaurants, American (New), Chicken Wings",Cleveland,2,3.849056603773585,53
1u4EvujoBP37oEL4SGLpgA,Civilization,Sandwiches,"Sandwiches, Coffee & Tea, Cafes, Soup, Food, Restaurants",Cleveland,1,3.759259259259259,54
wTTNXThF1RQ3Lu5FnujmOA,Banter Beer & Wine,Food,"Food, Nightlife, Restaurants, American (New), Beer, Wine & Spirits",Cleveland,2,4.612244897959184,49
uSRgegdEFHHasT5BbRkcFA,A Bar and Kitchen,Nightlife,"Nightlife, American (New), Sports Bars, Restaurants, Food, Beer, Wine & Spirits, American (Traditional), Bars",Cleveland,2,3.8620689655172415,29
aAVydRJ23okd1AHi2AS4Mw,Cleveland Corned Beef,Delis,"Restaurants, Delis, American (Traditional), Sandwiches",Cleveland,1,3.3076923076923075,13
4t6z1AT8qBfwaBm13d1GMA,PJ McIntyres Irish Pub,Bars,"Restaurants, Bars, Irish, Nightlife, Pubs",Cleveland,2,3.7,30
Tm2dKN_-DCdZfF2xMWrX7w,Siam Cafe,Seafood,"Seafood, Chinese, Restaurants, Thai, Asian Fusion",Cleveland,2,3.6136363636363638,88
bMSiHjs2fbKbBNPyuTwhHA,Coastal Taco,Bars,"Bars, Restaurants, Mexican, Nightlife",Cleveland,2,3.0588235294117645,68
0Wp67zZWeVm8BfLZkW72_w,Colonial Eatery,American (Traditional),"Restaurants, American (Traditional), Middle Eastern, Lebanese",Cleveland,1,3.5,8
zo9fKM_Sty6qGztXKoMPmQ,Dave's Cosmic Subs,Sandwiches,"Restaurants, Sandwiches",Cleveland,1,4.285714285714286,7
26CMx5t6_h5PWT4gcae4zw,Beviamo Cafe,Coffee & Tea,"Coffee & Tea, Food, Middle Eastern, Vegan, Restaurants, Juice Bars & Smoothies, Lebanese",Cleveland,2,4.6,10
E60s6EXdPhet5FKJfA_YVQ,New Heights Grill,American (Traditional),"Restaurants, American (Traditional), Beer, Wine & Spirits, Food",Cleveland,2,3.7777777777777777,18
I5YF1kl3LCVM6nDeP8rUzQ,Papa Nick's Pizza & Pasta,Pizza,"Pizza, Restaurants",Cleveland,1,3.411764705882353,17
_rFhH-eSg6heHC9m0t-cBg,Characters Sports Bar and Grill,American (Traditional),"American (Traditional), Burgers, Restaurants, Nightlife, Sports Bars, Bars",Cleveland,1,3.625,8
QG37umIGrDFzkdmBqFLAYQ,Steve's Diner,American (Traditional),"American (Traditional), Restaurants, Diners, Hot Dogs",Cleveland,1,3.75,12
SzcCJJmreMlWCsNjupdVAA,L'Albatros,French,"French, Restaurants",Cleveland,3,4.456066945606694,239
4GkiahNmE3G3-RFn3xrAYg,Carnegie Kitchen & Dining,American (New),"Restaurants, American (New), Breakfast & Brunch",Cleveland,2,3.6666666666666665,18
91diBNaSiwHr6tUXXJee-Q,Anthonys of Little Italy,Italian,"Italian, Nightlife, Restaurants, Bars",Cleveland,2,3.6666666666666665,18
FutUAQPBfCeTmqytfDW1pA,Chipotle Mexican Grill,Fast Food,"Fast Food, Restaurants, Mexican",Cleveland,1,3.0,29
huYgyzdbIwj2JF3U4fGT6w,W XYZ Bar,Tapas/Small Plates,"Tapas/Small Plates, Cocktail Bars, American (New), Bars, Lounges, Nightlife, Event Planning & Services, Restaurants, Venues & Event Spaces",Cleveland,2,3.6,5
6TMNUvxPfU6HnNMVa_Fv4Q,Accent Restaurant,Asian Fusion,"Asian Fusion, Japanese, Restaurants",Cleveland,3,3.3846153846153846,13
Ye7m47NmlX-r6dyCU1ix0A,Pure & Supreme Cuisine,Gluten-Free,"Gluten-Free, Vegan, Soul Food, Restaurants",Cleveland,1,4.052631578947368,19
E_tvJL3lfmCTWAcq2js8Kw,A Touch of Italy,Pizza,"Pizza, Restaurants",Cleveland,2,2.2857142857142856,7
1zKjojtmAHuVOHhtGVxC2Q,Jukebox,Music Venues,"Music Venues, Cocktail Bars, Bars, Restaurants, Nightlife, Arts & Entertainment",Cleveland,1,4.5,34
TaEASKZil0TT7CAzyqFUgw,Margaritaville - Cleveland,Nightlife,"Restaurants, Nightlife, Bars, American (Traditional)",Cleveland,3,3.4444444444444446,9
w4a6TuFWArSc29dB51rPNA,Bar Cento,Bars,"Bars, Beer, Wine & Spirits, Nightlife, Lounges, Restaurants, Pizza, Gastropubs, American (New), Food",Cleveland,2,3.7803030303030303,132
KHdYW6Wl4wWXW60by60P0A,Rebol,Beer Bar,"Beer Bar, Bars, Nightlife, Coffee & Tea, Restaurants, Cafes, Food, Breakfast & Brunch, Cocktail Bars",Cleveland,1,4.116279069767442,43
zGWTylnfPBV3nuNhRyFpOw,Seven Seas Seafood,Fish & Chips,"Fish & Chips, Restaurants, Food, Seafood Markets, Specialty Food",Cleveland,1,3.3333333333333335,6
epAifIGqwj5oFp5MV8kgiQ,Mia Bella Restaurant,Gluten-Free,"Gluten-Free, Italian, Restaurants, Mediterranean",Cleveland,2,4.259615384615385,104
JtRKB_HJgpIHSduMSyyIkw,Ninh Kieu Vietnamese Restaurant,Ethnic Food,"Ethnic Food, Food, Restaurants, Vietnamese, Specialty Food",Cleveland,1,4.384615384615385,26
9mI2BHTu0at_JA3RA_AEeg,The Treehouse,American (Traditional),"American (Traditional), Nightlife, Pubs, Bars, Irish Pub, Restaurants, Dive Bars",Cleveland,2,3.48,75
imyKBHJGFixHJ2bh400b7Q,Geppetto's Pizza & Ribs,Pizza,"Restaurants, Pizza",Cleveland,2,2.8333333333333335,6
NMtxUApc4-puhWVtZWcU8g,4th Street Bar & Grill,American (Traditional),"American (Traditional), Bars, Restaurants, Nightlife, Cocktail Bars",Cleveland,2,2.4,10
0ZZIqTdEb7yUa13QZLKuGQ,21 Lounge & Kitchen,Bars,"Bars, Lounges, Sports Bars, Restaurants, American (New), Beer, Wine & Spirits, Nightlife, American (Traditional), Food",Cleveland,2,3.8421052631578947,19
6MlO4sGzERjA8kq5rySspQ,Chicago's Home of Chicken & Waffles,Cocktail Bars,"Cocktail Bars, Restaurants, Waffles, Breakfast & Brunch, Soul Food, Nightlife, Bars",Cleveland,2,3.0952380952380953,21
C7dj06ZUM-5P-_DMLckcVA,Lion's Pub,Bars,"Restaurants, Bars, American (New), Nightlife, Food Trucks, Vegan, Food, Sports Bars",Cleveland,1,3.8,30
J1RDyyPxhioqm8c_fi4P4Q,Lola,Wine Bars,"Restaurants, Wine Bars, Nightlife, American (New), Bars",Cleveland,3,4.257009345794392,214
A7i_H252XydtrK7BUTvoog,Stonetown,Southern,"Southern, Food, Seafood, Restaurants, Soul Food, Breakfast & Brunch",Cleveland,2,3.5434782608695654,46
MjLRxNBuFR9DvA2XzQAXIA,Danny's Deli,Delis,"Restaurants, Delis, Breakfast & Brunch, Sandwiches",Cleveland,1,4.642857142857143,14
IvkBPG8qtSx56P0Z9xmijg,Grotto Wine Bar,Bars,"Bars, Nightlife, Wine Bars, Italian, Restaurants",Cleveland,2,3.8666666666666667,15
Gf1W5_Gcu_yn4sF28JkVXA,Jimmy John's,Delis,"Delis, Sandwiches, Restaurants, Food, Food Delivery Services",Cleveland,1,3.5,8
Lh-JAmxrTPmFoeBkRNXrZA,Nick's Sports Corner,Nightlife,"Nightlife, Restaurants, Bars, Sports Bars",Cleveland,1,2.375,8
qbDaSyxDfUZNheucJym2Pg,Golden Dragon,Seafood,"Restaurants, Seafood, Chinese",Cleveland,2,2.8181818181818183,11
p6Rf2hsyF1eYVJk9ag3W2A,Mason's Creamery,Food,"Food, Restaurants, Food Trucks, Food Stands, Ice Cream & Frozen Yogurt",Cleveland,1,4.5227272727272725,88
LvnOhs9Udhyp5adF7Cq98g,Sushi 86,Sushi Bars,"Restaurants, Sushi Bars",Cleveland,2,3.909090909090909,66
4xnurYLQHpLgsVcWB2fEkA,Panini's,Sandwiches,"Restaurants, Sandwiches",Cleveland,2,3.25,8
m3DVIvPsuLuA9OMSgWNLcQ,Bloom Bakery at Public Square,Sandwiches,"Sandwiches, Coffee & Tea, Vegan, Restaurants, Bakeries, Desserts, Food",Cleveland,1,4.045454545454546,22
KsYAGLP4yC7FbfixaeCHsA,My Friends Deli & Restaurant,Coffee & Tea,"Restaurants, Coffee & Tea, American (Traditional), Diners, Delis, Food",Cleveland,1,3.511627906976744,43
XBsZoWiUJLi26FtAD6wWDw,Mama Joyce's,Soul Food,"Restaurants, Soul Food",Cleveland,1,3.8666666666666667,15
63lBTe-rgqR_LcAOh_xuPQ,Primo Vino,Italian,"Italian, Restaurants",Cleveland,2,3.9,10
vmOnhwEiqBOCaTegD_cUDg,The Garage Bar,Dive Bars,"Dive Bars, Burgers, Nightlife, Restaurants, Chicken Wings, Bars",Cleveland,1,3.3636363636363638,11
yqIVlkpQF_IdhVk1yTiIjw,Chipotle Mexican Grill,Fast Food,"Fast Food, Mexican, Restaurants",Cleveland,1,2.55,20
L-Yo6f0evdy6v3a9-biwkw,The Cadillac Ranch,Nightlife,"Nightlife, American (Traditional), Bars, Restaurants, Dance Clubs",Cleveland,2,2.0714285714285716,14
oxeW1tSB-e_oIzCQZtqyTw,Noodlecat,Noodles,"Noodles, American (New), Restaurants, Japanese",Cleveland,2,3.1634615384615383,208
viCWNmpnYWCdWpHOHGjerQ,One Walnut,American (New),"Restaurants, American (New)",Cleveland,3,3.0,6
xFl6krZlEO5vrX5LzsCsGQ,Waterloo Brew,Food,"Food, Restaurants, Breweries, Sandwiches",Cleveland,2,3.5555555555555554,9
8U6EmwNaeTnhKbhBgIZPGQ,Twist,Gay Bars,"Gay Bars, Restaurants, Bars, Nightlife",Cleveland,2,3.5,6
9k8cUeIuVDHhDJVw7bSgwg,Zoup!,Sandwiches,"Restaurants, Sandwiches, Soup, Salad",Cleveland,1,3.4444444444444446,9
_KD8Fua-jFlEXHCwVTY-cQ,The Standard,American (New),"American (New), Restaurants",Cleveland,2,4.222222222222222,36
Jd9L7pNhC982XeCNbPncXg,Saucy Brew Works,Pizza,"Pizza, Restaurants, Breweries, Food",Cleveland,2,4.0,9
G0F3kmnES1i8a9Vp78ct7w,New Jackie Chen's Chinese Restaurant,Chinese,"Chinese, Restaurants",Cleveland,1,3.4,5
0kyVqnMoflj3DLDecGK89Q,Taco Bell,Fast Food,"Fast Food, Tex-Mex, Restaurants, Mexican",Cleveland,1,2.6666666666666665,9
jRAUH6Ypc_2rX_nh3NMqcQ,Otani Japanese Restaurant,Japanese,"Restaurants, Japanese, Sushi Bars",Cleveland,2,3.8333333333333335,24
se2a2QaJi8Yx_KjE1r-_sQ,Eat'n Park Restaurant,Breakfast & Brunch,"Breakfast & Brunch, Desserts, American (Traditional), Restaurants, Food",Cleveland,1,2.25,8
lTFauUhnfk4pPhOMGDiEgg,Barroco express,Cuban,"Cuban, Latin American, Restaurants, Colombian",Cleveland,1,3.2666666666666666,15
MJXN25eWW0U4E5aVUlAFCw,Ming Moon,Chinese,"Restaurants, Chinese",Cleveland,1,3.142857142857143,7
AbPQf-X7awuPFDULiJ43bg,Superior Pho,Soup,"Soup, Restaurants, Vietnamese, Sandwiches",Cleveland,1,4.28125,256
B2lr7sQv1NDujuD37tTBNw,Antonio's Pizza,Caterers,"Caterers, Pizza, Event Planning & Services, Restaurants",Cleveland,2,3.857142857142857,7
4tc3kLlLuiolIP4jJslYYw,Deon's Restaurant,Fast Food,"Fast Food, Restaurants, Chicken Wings",Cleveland,2,4.0,5
akjewrvAc_LwLqbZ-kqQ5Q,Cafe 1845,Event Planning & Services,"Restaurants, Event Planning & Services, Caterers",Cleveland,1,2.5,4
_9ivE0h8DdfEWqdSL8JU6g,Muldoon's Saloon & Eatery,American (Traditional),"American (Traditional), Restaurants",Cleveland,2,3.4,30
ORM-8CMtxLsbhyJIvxfjYg,Wrapz Pita Bar,Food,"Food, Mediterranean, Restaurants, Specialty Food",Cleveland,1,3.5555555555555554,9
Ged33xMUz2TpAgzxycGfVw,El Rinconcito Chapin,Tapas/Small Plates,"Restaurants, Tapas/Small Plates, Latin American",Cleveland,2,4.0,6
xBgQ4T6mhS5VsmK9u6mBcg,Fire,American (New),"American (New), Soul Food, Restaurants",Cleveland,3,4.229357798165138,109
kcCncG6-pomVVc7r27HYWA,Cafe Sausalito,Seafood,"Seafood, Restaurants, Italian, Burgers",Cleveland,2,3.090909090909091,11
3dMAswAQk0ehFvuE8V8RDA,Istanbul Grill,Turkish,"Turkish, Vegetarian, Restaurants, Halal, Mediterranean",Cleveland,2,4.142857142857143,28
7M_wmSKg-qljRdwafdPKpg,Umami Moto,Food Trucks,"Food Trucks, Thai, Restaurants, Food Stands, Street Vendors, Food, Asian Fusion",Cleveland,1,4.111111111111111,27
bbnpPdoRymorHJLY2owBiQ,The Market Cafe and Wine Bar,American (Traditional),"American (Traditional), Restaurants",Cleveland,2,3.9473684210526314,19
2tfMXjOotr1r168mVttUmQ,Local West,Sandwiches,"Sandwiches, Gastropubs, Burgers, Restaurants, American (Traditional)",Cleveland,2,3.8974358974358974,39
3_STYcEwVsieJPo0GWjxLw,King Fong,Asian Fusion,"Asian Fusion, Chinese, Restaurants",Cleveland,1,3.9166666666666665,12
p8JB_gaDUuJFwypSZOSYMg,Hoggy's Restaurant,Barbeque,"Restaurants, Barbeque",Cleveland,2,2.4285714285714284,7
507j6A0IUBSYFgTOx7YABA,East Coast Pizza,Pizza,"Pizza, Restaurants",Cleveland,1,3.5,4
2alo9GzeOsbg4jeKYFQmxQ,Santo's Pizza & Pasta,Desserts,"Desserts, Pizza, Restaurants, Food, Italian",Cleveland,2,3.736842105263158,19
Kuv-QSWUtOm5IjAxcFMl8A,Luna Bakery Cafe,Cafes,"Restaurants, Cafes, Food, Bakeries, Breakfast & Brunch, Custom Cakes",Cleveland,2,4.206896551724138,116
lJU19A8gxyNT1gU8y4pv1w,Hatfield's Goode Grub,Street Vendors,"Street Vendors, Restaurants, Food Trucks, Southern, Food",Cleveland,2,4.333333333333333,9
tB0zkiCxLjJwEPCRmwlVrA,Sonic,Food,"Restaurants, Food, Burgers, Fast Food",Cleveland,1,2.4,15
7MZArBbssmSOt-IPpR8YWw,Bratenahl Kitchen,Caribbean,"Restaurants, Caribbean",Cleveland,2,4.222222222222222,9
42rDLL6vNJ5w66Ccj6a5XQ,McDonald's,Fast Food,"Restaurants, Fast Food, Burgers",Cleveland,1,2.75,4
0LAjD6m5LjiSbiajp2SR4Q,Leader Bar And Grill,Pubs,"Pubs, American (Traditional), Nightlife, Bars, Restaurants, Burgers",Cleveland,2,3.2857142857142856,7
gstmQyich5ToZPBNhSthmw,Zdara Grille + Lounge,Mediterranean,"Restaurants, Mediterranean",Cleveland,2,3.0,6
BT7FeQ8VkpHrU9qihvGD3w,Cafe Falafel,Mediterranean,"Mediterranean, Falafel, Restaurants, Middle Eastern, American (New)",Cleveland,1,3.9473684210526314,19
tulUhFYMvBkYHsjmn30A9w,Hot Sauce Williams Barbecue Restaurant,Barbeque,"Restaurants, Barbeque, Soul Food",Cleveland,1,3.111111111111111,63
-kTHAUKuzh7cFZjVAW55Ug,Chipotle Mexican Grill,Mexican,"Mexican, Fast Food, Restaurants",Cleveland,1,2.8333333333333335,12
1KRnx1P4gYlkpmezGTERaA,Touch Supper Club,Bars,"Restaurants, Bars, American (New), Pizza, Breakfast & Brunch, Lounges, Nightlife",Cleveland,2,3.701492537313433,67
lr24BCFNXmnFsIXk4utUjQ,Casamel's Pizza,Sandwiches,"Sandwiches, Chicken Wings, Pizza, Restaurants",Cleveland,1,4.0,8
S1zlGFu9fi5-QmVpGqsKsA,Michaelangelo's,Italian,"Restaurants, Italian",Cleveland,3,3.903225806451613,31
Xm0BdTIRqtTIgacx_JjICA,Hoopples,American (Traditional),"American (Traditional), Dive Bars, Nightlife, Bars, Restaurants",Cleveland,1,4.0,26
5ynzVV_kayd5hfv5Kt6Vbg,Burgers 2 Beer,Burgers,"Restaurants, Burgers",Cleveland,1,2.9285714285714284,14
OCxl56kc8QcxxA-uLxNfIw,Guthrie's Chicken Fingers,Fast Food,"Fast Food, Chicken Wings, Restaurants",Cleveland,1,3.8,30
DuMWyxL4DMcy5A8MXD_67w,Parkview Nite Club,Bars,"Bars, Nightlife, Restaurants, Pubs, American (Traditional), Arts & Entertainment, Jazz & Blues",Cleveland,2,3.8,45
R13VkcyUIU3xG2fRFbBvBA,Cafe 56,Sandwiches,"Sandwiches, Salad, Soup, Restaurants",Cleveland,1,3.533333333333333,15
Ksk5cLav4OtbUtpRGp5b4g,India's Cafe & Kitchen,Indian,"Restaurants, Indian",Cleveland,2,3.2857142857142856,7
VUOn9pztnaEX49Xfb_9L7A,Osteria Di Valerio & Al,Italian,"Restaurants, Italian",Cleveland,3,3.5806451612903225,31
u2w7rfwl06rzHU7RcRkr9w,Antonio's Pizza,Italian,"Italian, Pizza, Restaurants",Cleveland,2,4.2,10
n_UlhRNcv9dm04NbUNBrFQ,Currito - Burritos Without Borders,Mexican,"Restaurants, Mexican",Cleveland,1,3.4,15
x8dRsP9mpI2FD6vazC990A,Zen Cuisine,Chinese,"Chinese, Cantonese, Asian Fusion, Restaurants",Cleveland,1,4.1,10
QeEYzgBVTVO8IGqGCfPg8A,Nate's Deli & Restaurant,Delis,"Delis, Middle Eastern, Restaurants, Breakfast & Brunch",Cleveland,1,3.1666666666666665,6
qZZ8VU1Bk-xCruEAZNwm6A,Sainatos,Pizza,"Restaurants, Pizza",Cleveland,2,3.9655172413793105,29
w-ch2_73sYc68VJrWAQL3g,Light Bistro,Tapas/Small Plates,"Tapas/Small Plates, American (Traditional), American (New), Restaurants",Cleveland,2,4.142857142857143,56
_5inlOVvlrCOKcI772RqJQ,Benihana,Nightlife,"Nightlife, Restaurants, Sushi Bars, Japanese",Cleveland,3,3.0,22
T2JwvV8hH15KbnS1OCnrJg,A Thai Restaurant,Thai,"Thai, Restaurants",Cleveland,2,3.5294117647058822,17
g9i9xFh9HtPWNLMB3ru3ug,Campbell's Sweets Factory,Cupcakes,"Cupcakes, Popcorn Shops, Specialty Food, Chocolatiers & Shops, Cafes, Desserts, Bakeries, Food, Restaurants",Cleveland,1,4.6923076923076925,39
L-Go77QiXmXsYt9dYULPww,Sí Señor Mexican Restaurant,Mexican,"Mexican, Restaurants",Cleveland,2,3.682926829268293,41
EsjY-B1wh76hK6G6deH1hw,Prime Rib Steakhouse,Steakhouses,"Restaurants, Steakhouses",Cleveland,3,3.5,8
j4Ms51MtI4arORwaICNfCw,Ohio City Pizzeria,Pizza,"Pizza, Restaurants",Cleveland,1,3.0,26
BR92F6HmOHq-uKtMgyr7rw,Der Braumeister,Delis,"Delis, American (Traditional), Restaurants, German",Cleveland,2,3.738095238095238,42
ijY4C4ut4M9xg3QvK2R2pg,Li Wah,Chinese,"Restaurants, Chinese, Dim Sum, Cantonese",Cleveland,2,3.6055045871559632,109
zB4w1HYzZ9tBwjLNvLNc3Q,Houlihan's,American (New),"American (New), Bars, Restaurants, Nightlife",Cleveland,2,2.4615384615384617,13
sS5-UR5I1N_JZx8UGt5xGg,Blue Bar,American (New),"Restaurants, American (New)",Cleveland,2,3.4285714285714284,14
nL4cq4GEz4uiM48nz5E7ug,Gus's Family Restaurant,Breakfast & Brunch,"Breakfast & Brunch, Restaurants, American (Traditional)",Cleveland,1,3.8125,16
dPIQurJHDMt1KDlXolNFhw,Nautica Queen Cruise Ship,Tours,"Restaurants, Tours, American (New), Hotels & Travel",Cleveland,2,3.230769230769231,13
hiNArIsFnQXJHwtCglSJFw,Encore Restaurant and Blue Bar,Event Planning & Services,"Event Planning & Services, American (Traditional), Bars, Hotels, Hotels & Travel, Nightlife, Restaurants",Cleveland,1,1.8333333333333333,6
nMscHTw8QDyXjT5iteO9aA,Drink. Bar & Grill,Tapas/Small Plates,"Tapas/Small Plates, Nightlife, Restaurants, Lounges, American (New), Cocktail Bars, Bars",Cleveland,2,4.535714285714286,28
PNMsWRyh4X1xfPil5vhywA,Bogtrotters Doorstep,Sandwiches,"Restaurants, Sandwiches",Cleveland,1,4.15,60
e_W6Q-qOHcUR5ZKrwvC2qw,China Town II,Chinese,"Restaurants, Chinese",Cleveland,1,3.0,13
Qqh2cFO1bk5TQ8mWIEjbCw,Herb 'n Twine,Sandwiches,"Restaurants, Sandwiches",Cleveland,2,4.636363636363637,44
CSBNoeTyY_PjH0Wdcw7S2w,Aeoshi Cafe,Sushi Bars,"Restaurants, Sushi Bars",Cleveland,2,3.6,5
mIl2E5qSPveA6Bl9aXAMjw,Johnny's Little Bar,Beer Bar,"Beer Bar, Nightlife, American (Traditional), Bars, Burgers, Restaurants, Sandwiches, Dive Bars",Cleveland,2,3.838709677419355,62
hTEVm9uOnR6L7hLAigNNAw,Alaturka,Turkish,"Restaurants, Turkish",Cleveland,2,4.222222222222222,18
jA3xcba82t8x06H8NzG4VQ,The Black Pig,American (New),"Restaurants, American (New), Breakfast & Brunch, French",Cleveland,2,4.326086956521739,46
CJvN2k3gjR7JspTx21icTQ,Crust,Pizza,"Pizza, Restaurants",Cleveland,1,4.174418604651163,86
2TC-P3bUwz1ZYxpqAlCgiw,Sans Souci Restaurant,Mediterranean,"Mediterranean, Restaurants",Cleveland,3,3.6363636363636362,11
intKyiipUlHDWi_chv0f3A,Merchant Street,Nightlife,"Nightlife, Mediterranean, Salad, Restaurants, Fruits & Veggies, Food, French, Bars, Sandwiches, Specialty Food, Italian, Gluten-Free, Wine Bars",Cleveland,2,4.875,8
OKYp_AwhXfqL_0Pgw1WB9Q,Jack Flaps,Breakfast & Brunch,"Restaurants, Breakfast & Brunch",Cleveland,2,4.054054054054054,148
COUJUfrodU-MH4tenlzoXA,Rosie & Rocco's,Italian,"Italian, Restaurants",Cleveland,1,3.3333333333333335,6
2N4AeKjw2WdBchIVqYPv_A,The Nosh Box,Food Stands,"Food Stands, Restaurants, American (Traditional), Tex-Mex",Cleveland,2,3.5,6
anzCdD5eIEHwydTpXhLlUA,Happy Dog,Arts & Entertainment,"Arts & Entertainment, Pubs, Music Venues, Nightlife, Lounges, Hot Dogs, Bars, Restaurants",Cleveland,1,4.291390728476821,302
HNs2Nf-trqFTDtho4vhfmA,The South Side,Bars,"Bars, Lounges, Restaurants, American (New), Nightlife",Cleveland,2,3.588235294117647,170
_g0dF6TAj7-RlSUfsGwl7w,Teahouse Noodles,Specialty Food,"Specialty Food, Restaurants, Asian Fusion, Food, Ethnic Food",Cleveland,1,3.4285714285714284,7
VbPPexfp8wa7Fjqp3tRDmw,Sahara International,Middle Eastern,"Middle Eastern, Restaurants",Cleveland,1,4.0,7
xQo0O_EgcH2_yldW3lOt5Q,Market Creations Cafe,Asian Fusion,"Asian Fusion, Nightlife, Restaurants, Food, Lounges, Do-It-Yourself Food, Cafes, American (New), Buffets, Bars",Cleveland,1,3.5,4
hWLqwafZ2tXH0S073lJSGA,The Coney Company,Hot Dogs,"Restaurants, Hot Dogs, Burgers, American (Traditional)",Cleveland,1,4.0,14
CBgcKcrbN7VSoofxCsCOBA,Mister Brisket,Sandwiches,"Sandwiches, Specialty Food, Restaurants, Food, Meat Shops, Butcher",Cleveland,1,4.457142857142857,35
a1_ZedhXo5mVflOV471pCA,Mely's Kainan,Filipino,"Filipino, Restaurants",Cleveland,1,4.75,8
lHLNQnEHwCJ_CROCfCxEzw,Scotti's Italian Eatery,Pizza,"Pizza, Italian, Restaurants",Cleveland,2,4.105263157894737,19
qML8HCfDh7vmIxvbt1QgOg,Cicis,Pizza,"Pizza, Restaurants, Buffets, American (Traditional)",Cleveland,1,2.2222222222222223,9
PqSwcDrL1wrwal8hlDf8IQ,Sapporo Sushi,Japanese,"Japanese, Asian Fusion, Restaurants, Sushi Bars",Cleveland,2,3.5294117647058822,17
Md6NWl54ny8hA-NVaYZuew,Nighttown,American (New),"Restaurants, American (New), Bars, Jazz & Blues, Arts & Entertainment, Nightlife",Cleveland,2,3.5526315789473686,76
9bxrdL-pQg6SVMFmDcg1ow,Rising Star Coffee Roasters,Wholesale Stores,"Wholesale Stores, Shopping, Restaurants, Coffee Roasteries, Food, Coffee & Tea, Cafes",Cleveland,2,4.484848484848484,33
423AAbu0yBoDMOeVwnLzkQ,Camino,Beer,"Beer, Wine & Spirits, Nightlife, Restaurants, Mexican, Food, Bars",Cleveland,2,3.5142857142857142,35
3trdX3B7ZwmO2SKpQ9UJrg,Flipside,Bars,"Bars, American (Traditional), Food, Burgers, Sandwiches, Nightlife, Restaurants, Beer Bar, American (New)",Cleveland,2,3.727272727272727,22
dyJsv02GJgQZBl2Lh3vjjg,Addy's Restaurant,Diners,"Diners, Restaurants",Cleveland,1,3.375,8
bXGADvexLZ7sAiAuTfhYiA,Champps Americana,American (Traditional),"Restaurants, American (Traditional)",Cleveland,2,2.5,6
xXZw2v10FbaqRiibXhAhlg,Fanucce's Italian Imports and Pizzeria,Pizza,"Restaurants, Pizza, Italian",Cleveland,2,3.111111111111111,9
Aqhy2ZYpEeJ61aIJH_iCxw,East China,Chinese,"Chinese, Restaurants",Cleveland,1,2.111111111111111,9
GtSNTE2qMOZBlj0noCgCGw,Miega Restaurant,Barbeque,"Barbeque, Restaurants, Korean",Cleveland,2,3.78,50
qHiaNXS_F1M8aEa7YfoqCw,Ocho Rios True Island Cuisine,Food,"Restaurants, Food, Caribbean, Seafood",Cleveland,1,4.0,5
CySpYWrovIOGh7hdz9ahOQ,Dragonfly Lounge,Sushi Bars,"Sushi Bars, Nightlife, Bars, Restaurants, Lounges",Cleveland,2,3.8125,16
liPSeXaAfv8jxRGJ717VmQ,Nano Brew,American (New),"American (New), Food, Bars, Burgers, Breweries, Restaurants, Nightlife",Cleveland,2,3.5816326530612246,98
QMpy9X4gqqqRY2QwG2kxVA,Astoria Cafe and Market,Specialty Food,"Specialty Food, Tapas/Small Plates, International Grocery, Imported Food, Cafes, Food, Restaurants, Mediterranean",Cleveland,2,4.5,18
hTSIT3puu8m8-kOZYS4Zdg,Ohio City Burrito,Mexican,"Restaurants, Mexican",Cleveland,1,3.656862745098039,102
98XJsz4hbDBxzowVUPC3lw,Silver Spartan Diner,Food,"Restaurants, Food, Diners",Cleveland,1,1.8333333333333333,6
hrvjRWqHOkPa9jBPpX1B8A,Becky's,Pubs,"Pubs, Dive Bars, American (Traditional), Restaurants, Karaoke, Bars, Burgers, Nightlife",Cleveland,1,4.0,28
W07TY9cx2ZpDQyAn0ynMQg,La Dolce Vita,Italian,"Restaurants, Italian",Cleveland,2,3.090909090909091,66
P0uECGAlrELjqeOtDHcB-Q,Blue Moose Eatery,American (Traditional),"Restaurants, American (Traditional)",Cleveland,1,2.7142857142857144,7
02E9r4BQzVrA76Bf7G-KMw,Edison's Pizza Kitchen,Pizza,"Restaurants, Pizza",Cleveland,2,3.898876404494382,89
2VUhmFkIvARpEP9B5dZo9w,Suzie's Family Style Restaurant,Performing Arts,"Performing Arts, Arts & Entertainment, Restaurants, Food, Cafeteria, Coffee & Tea",Cleveland,1,3.6666666666666665,6
PubwGsZPO2N7QBekieMe9w,Don Ramon/Grand Fiesta Mexican Restaurant,Nightlife,"Nightlife, Bars, Restaurants, Mexican, Event Planning & Services, Caterers",Cleveland,2,3.2083333333333335,24
X1v2lPPXgJGaIufxJHvZCA,Ha Ahn Korean Restaurant,Japanese,"Restaurants, Japanese, Sushi Bars, Korean",Cleveland,2,3.80327868852459,61
gw0ZS5b5RP3Lzr1BoCbALg,Charkha Exotic Indian Cuisine,Indian,"Indian, Restaurants",Cleveland,2,4.037037037037037,27
YgHp9MdZ1vVdYyMEro4TtQ,XYZ the Tavern,Bars,"Bars, Barbeque, Pizza, American (New), Restaurants, Pubs, Nightlife",Cleveland,2,3.85,120
RQlC4Tgc7Gk_tmxxY7oF6A,Ligali's Bistro,American (New),"American (New), Restaurants, Nightlife, Pubs, Bars",Cleveland,2,3.0,11
OOXUDZVOREgjwrLiwr3Spg,The Corner Alley at Uptown,Active Life,"Active Life, Arts & Entertainment, Bars, Sports Bars, American (New), Italian, Nightlife, Restaurants, American (Traditional), Bowling",Cleveland,2,2.8125,16
iZfeH70e_YFLrURT8WuCYQ,El Rodeo,Mexican,"Restaurants, Mexican",Cleveland,2,3.1666666666666665,18
54kfE6vauORUVUifLagkXQ,Hyde Park Prime Steakhouse,Steakhouses,"Steakhouses, Restaurants",Cleveland,3,4.0,13
doz0Zf14FVyj4f2knQO30A,Beckham's B&M,Barbeque,"Barbeque, Seafood, Chicken Shop, Restaurants",Cleveland,1,1.8181818181818181,11
o4HbgQnUkYnTLsbb6K5hjg,Society Lounge,Lounges,"Lounges, Nightlife, Tapas Bars, Jazz & Blues, Bars, Arts & Entertainment, Restaurants",Cleveland,2,4.159420289855072,69
tQ-BmlXNhaykObSzU6xujA,La Tortilla Feliz,Latin American,"Latin American, Restaurants",Cleveland,2,4.571428571428571,7
9Dpk8U2-7bETxk6MSfCM-A,Smedley's Bar & Grill,American (Traditional),"American (Traditional), Restaurants, Arts & Entertainment, Pubs, Music Venues, Bars, Nightlife",Cleveland,1,3.1666666666666665,6
qSVCYsz1sv1b3W4z4WDTsQ,Cropicana,Bars,"Bars, Dive Bars, American (New), Restaurants, Nightlife",Cleveland,2,3.0625,16
unDs06rQ8V-d8-EujSVe8A,Gusto!,Bars,"Restaurants, Bars, Wine Bars, Italian, Nightlife",Cleveland,2,3.5384615384615383,13
TknwCR_kdD90D8Bx1WcLnA,Sung's House,Sushi Bars,"Sushi Bars, Restaurants, Korean",Cleveland,2,3.806451612903226,31
H1j34TgbrVZkxeww9xlJTw,Steve's Gyros,Mediterranean,"Mediterranean, Restaurants, Middle Eastern",Cleveland,1,4.178571428571429,56
TAwgNWX-Xv7xnTHeRqPReQ,West Side Market Cafe,Breakfast & Brunch,"Breakfast & Brunch, Juice Bars & Smoothies, Food, Restaurants, Diners",Cleveland,1,3.6666666666666665,12
zhwqX2uk3XF_fwtwLj397A,Rock Bottom Restaurant & Brewery,Restaurant,Restaurants,Cleveland,2,3.2857142857142856,7
rzd_2GJpkvHPejEwJ-IKHg,Somer's Restaurant,American (Traditional),"American (Traditional), Diners, Restaurants",Cleveland,1,3.888888888888889,9
7tzhoEyaTLxdwkCWMTUbZg,Dynomite Burgers,Burgers,"Burgers, Restaurants",Cleveland,2,3.466666666666667,15
Ufo0Papm3oyoCfBvnsJH7g,Bonbon Pastry and Cafe,Breakfast & Brunch,"Restaurants, Breakfast & Brunch, Desserts, Food, Bakeries",Cleveland,2,3.6587301587301586,126
WpOMfnH8hvUOENVNn9xMsQ,John Q's Steakhouse,Steakhouses,"Restaurants, Steakhouses, American (Traditional)",Cleveland,3,3.2857142857142856,14
cRTkev8c66o6q6v7FstjLA,Szechuan Cafe,Chinese,"Chinese, Szechuan, Restaurants, Soup",Cleveland,2,3.8181818181818183,11
soyZ8bv2ZsSpsBv4PGMrTA,Sergio's in University Circle,Seafood,"Seafood, Restaurants, Italian",Cleveland,2,3.5454545454545454,11
rnvKg9DtsAIHWU4eywsqmA,Boney Fingers BBQ,Event Planning & Services,"Event Planning & Services, Breakfast & Brunch, Restaurants, Salad, Barbeque, Caterers",Cleveland,2,4.833333333333333,6
fQP_jXrSoVKty5zxV3_Z6g,IHOP,American (Traditional),"American (Traditional), Restaurants, American (New), Breakfast & Brunch",Cleveland,1,3.1666666666666665,12
xMUcmzDm3P4U1urVD2pYdQ,Presto Sandwiches,Sandwiches,"Restaurants, Sandwiches",Cleveland,1,3.2666666666666666,15
82aapoEF7sBcxrrP9AWiEw,The Burnham Restaurant,Seafood,"Seafood, Cajun/Creole, Restaurants, American (New)",Cleveland,2,3.7,10
JJe0yIYC_M3la1Qbm9i3UQ,Sachsenheim Hall,Venues & Event Spaces,"Venues & Event Spaces, Event Planning & Services, Lounges, Tacos, Caterers, Restaurants, Mexican, Nightlife, Party & Event Planning, Bars, Fish & Chips",Cleveland,1,4.225806451612903,31
HNv5U4CnJIY5CiwdedVrHQ,AMP 150,Bars,"Bars, American (New), Restaurants, Nightlife, Lounges",Cleveland,2,3.5833333333333335,48
fuPhVyvwoMFNRqM4O1CkeQ,Aladdins' Bakery & Market,Mediterranean,"Mediterranean, Restaurants, Food, Bakeries",Cleveland,1,4.233333333333333,30
9Ii0ZUKw0zAus-AnI00xLw,Piñatas Mexican Restaurant and Cantina,Mexican,"Mexican, Restaurants",Cleveland,2,2.125,8
TPJO55zWyo2CeeXQvOre8A,Tastebuds,American (New),"Restaurants, American (New), Sandwiches",Cleveland,2,4.366666666666666,30
dQIO_7U0sUkNXzbDaZ-LHQ,Huron Square Deli,Cafes,"Cafes, Sandwiches, Restaurants, Delis",Cleveland,1,3.6666666666666665,15
7oS4RyfwnQ3n9fARzjsNNg,Golden Dragon Restaurant,Chinese,"Restaurants, Chinese",Cleveland,1,3.142857142857143,7
E620tPFKKAVOi7EjF1nJHA,Fresh Catch Seafood Express,Seafood,"Seafood, Restaurants",Cleveland,2,4.2,5
7sz9Rw1dbIEfLy-L9qB3Tw,Chopstick Chinese Restaurant,Chinese,"Restaurants, Chinese, Asian Fusion",Cleveland,1,3.4782608695652173,23
ESCeeLwhOSZ1ketQn1nq8A,Kim Se Cambodian Cuisine,Cambodian,"Cambodian, Restaurants, Thai",Cleveland,1,4.285714285714286,7
1gQrMs-I8oKg2p-iRxznzQ,Soho Chicken + Whiskey,Bars,"Bars, Breakfast & Brunch, Restaurants, Southern, Nightlife",Cleveland,2,4.185714285714286,140
pP4MRsHfrage-sm4mXYFAQ,Applebee's,Burgers,"Burgers, American (Traditional), Restaurants, Sports Bars, Bars, Nightlife, Sandwiches",Cleveland,2,2.857142857142857,7
0G-WFdOu3_KW3mBZJQq5Cg,Phuel Cafe,Fast Food,"Fast Food, Specialty Food, Food, American (New), Cafes, Health Markets, Restaurants",Cleveland,2,3.9615384615384617,26
fKJK8Wrfhq9n6qNqWZ6J0Q,Burger King,Burgers,"Burgers, Fast Food, Restaurants",Cleveland,1,2.5,6
B7pVrERldmQmrbkSU_wjgg,Hansa Brewery,Pubs,"Pubs, German, Breweries, Restaurants, Food, Bars, Nightlife",Cleveland,2,3.9545454545454546,22
e1RcTvtihmYdf8At7hLgRw,JACK Cleveland Casino,Adult Entertainment,"Adult Entertainment, Nightlife, Casinos, Bars, Arts & Entertainment, Buffets, Restaurants",Cleveland,2,3.25,88
_5PJ4GHIXNdUdXtohylKGQ,Lucky's Café,Food,"Food, Coffee & Tea, Breakfast & Brunch, Desserts, Restaurants",Cleveland,2,3.8588709677419355,248
iDUPJOcU1VRQv9aK6Egztw,White Castle,Burgers,"Restaurants, Burgers, Fast Food",Cleveland,1,2.5,8
OA5Li3ySzhrbG_WvD_QGYA,Barrio,Bars,"Restaurants, Bars, Mexican, Nightlife",Cleveland,2,3.8614718614718613,231
WHlbUb5SNdXDKYfkNDo89A,Pickwick & Frolic Restaurant & Club,Food,"Food, Ice Cream & Frozen Yogurt, Nightlife, American (Traditional), Bars, Lounges, Restaurants",Cleveland,2,3.4375,48
IBTbSC9zAodn54NuuphLhQ,Fluffy Duck Cafe,Cafes,"Restaurants, Cafes, Food, Coffee & Tea, Bakeries",Cleveland,1,4.090909090909091,11
CikuTcu41X3UZsp8YjCjSQ,Vita Urbana,Convenience Stores,"Convenience Stores, Food, Bars, Restaurants, American (New), Gastropubs, Nightlife, Specialty Food",Cleveland,2,4.0,6
Rcx0AQSEmqiuRDE_FUMUGQ,Whiskey Island Still & Eatery,Bars,"Bars, Pubs, Arts & Entertainment, Music Venues, American (Traditional), Restaurants, Nightlife",Cleveland,2,2.3333333333333335,9
2JeciNHrJE_tI-o2tUCu5w,Ty Fun Thai Bistro,Thai,"Thai, Restaurants",Cleveland,2,3.9166666666666665,72
dCRjbHW3JCQwQMl6tvjWiw,Starbucks,Cafes,"Cafes, Coffee & Tea, Restaurants, Food",Cleveland,1,3.4166666666666665,12
W1hXfgnugKfVV1wDhko5lw,Flat Iron Café,Pubs,"Pubs, Irish, Nightlife, Bars, Restaurants",Cleveland,2,4.1923076923076925,26
ivtLwRZfMq9Hagk8nW-xzQ,Maha's Falafil,Falafel,"Falafel, Ethnic Food, American (Traditional), Restaurants, Food, Mediterranean, Specialty Food, Middle Eastern",Cleveland,1,4.7407407407407405,27
5CqM8dr3d3LI_B-1_-5U7A,Cibreo Italian Kitchen,Food,"Food, Event Planning & Services, Gelato, Caterers, Restaurants, Italian",Cleveland,2,3.6923076923076925,39
GVTL5nxjlhzdXJMy4-4HBA,Sun Sun Chinese Restaurant,Chinese,"Restaurants, Chinese",Cleveland,1,3.3333333333333335,6
n_UkzLCAMCIqhUnu-iLQyw,Bricco,Italian,"Italian, Restaurants, American (Traditional)",Cleveland,2,3.6666666666666665,12
Z2zynjhj6umPoHwLVfyOkw,Don Tequila Mexican Restaurant,Mexican,"Mexican, Restaurants",Cleveland,1,3.125,16
ja7zjowr6ymsVglQXZZ6BA,Great Taste Chinese Restaurant,Chinese,"Chinese, Buffets, Restaurants",Cleveland,1,3.0434782608695654,23
-Glmj_sxqCu0F3G62kFt1Q,Mazzone & Sons Bakery,Food,"Food, Pizza, Italian, Bakeries, Restaurants",Cleveland,1,4.333333333333333,9
cuYl-tgIioYVp619BlmokA,Pho Ha Nam,Vietnamese,"Restaurants, Vietnamese, Japanese",Cleveland,2,4.3,10
g5XW5RiVhykjleeRrWlJ2g,Flying Cranes Cafe,Japanese,"Japanese, Coffee & Tea, Asian Fusion, Food, Restaurants",Cleveland,2,3.903225806451613,31
54ne9NBqgiWQAx0-RrOaFQ,Sterle's Country House,Ethnic Food,"Ethnic Food, Modern European, Eastern European, Restaurants, Food, Nightlife, German, Bars, Specialty Food",Cleveland,2,3.5405405405405403,37
4IdcT63iE5fNrVzayZtKEw,Valentino's Pizza,Pizza,"Pizza, Restaurants",Cleveland,1,3.9583333333333335,48
RGq0qjn2ifmnRWTJ8bfOPw,Press Wine Bar,Bars,"Bars, American (New), Wine Bars, Restaurants, Nightlife",Cleveland,2,3.6911764705882355,68
pN3UbQ1n4WVli-kfFDfWug,Fabios Pizza,Pizza,"Restaurants, Pizza",Cleveland,2,2.8333333333333335,6
XhMfL-6lt-prYyC9Lp02gg,Best Wok Chinese,Chinese,"Chinese, Restaurants",Cleveland,1,3.857142857142857,7
WEs9MN1M6tixwEz844jCUw,Nunzio's Pizzeria,Pizza,"Pizza, Restaurants",Cleveland,1,2.8461538461538463,13
fId--RMAhHZcJagMSD-aUw,Crop Kitchen,Sandwiches,"Sandwiches, Nightlife, Restaurants, Bars, American (New), Lounges, Sushi Bars",Cleveland,2,3.5365853658536586,41
YmWTejuNaIuABtkNZQV5JA,Arcadian Food & Drink,Bars,"Bars, Nightlife, Breakfast & Brunch, Seafood, Cocktail Bars, Restaurants, Pizza",Cleveland,2,4.166666666666667,12
YpfMt985ZQCNID-eehG-uQ,East End Restaurant & Bar,Bars,"Bars, Event Planning & Services, Restaurants, American (Traditional), Nightlife, Venues & Event Spaces",Cleveland,2,3.7222222222222223,18
ZvU3diVRI7LUG6YcwmIKjg,Ridgewood Inn,Nightlife,"Nightlife, Bars, American (Traditional), Restaurants, Dive Bars",Cleveland,2,4.0,6
nOwexc-fUenxAtJf8cNW-g,Walnut Wednesdays,Festivals,"Festivals, Arts & Entertainment, Food Stands, Restaurants",Cleveland,2,4.428571428571429,14
fjjDfZkChBWyCtbL7bvb2Q,Wexler's Tavern & Eatery,Pubs,"Pubs, Nightlife, American (Traditional), Chicken Wings, Restaurants, Bars, Burgers",Cleveland,2,3.4,15
tXJkGjBkGOZHWAcCmlzS6w,Valerio's Restaurant,Italian,"Italian, Nightlife, Bars, Restaurants",Cleveland,3,4.105263157894737,19
uZZnIe0KJEpFlJlYedrQsg,Inchin's Bamboo Garden,Asian Fusion,"Asian Fusion, Chinese, Restaurants",Cleveland,2,2.230769230769231,13
1v9TVINzMod7JfSQI7Aayw,Bombaychaat,Indian,"Indian, Food, Halal, Restaurants, Fast Food, Specialty Food, Ethnic Food",Cleveland,1,3.9642857142857144,28
iWLNyADtZsORV58bttRrBQ,Pizza 216,Fast Food,"Fast Food, Pizza, Nightlife, Restaurants, American (New), Food, Tapas/Small Plates, Bars",Cleveland,2,4.027777777777778,36
tNw9uqfIzl247SfiZ-JBLw,Alesci's Downtown,Italian,"Italian, Restaurants, Pizza",Cleveland,1,3.8,5
9FgYJqenmSxWdM4VH0Z6lg,Mod Meals,Food,"Food, Restaurants, Food Delivery Services",Cleveland,2,4.2,5
dyiNt5ZTQQsLpX3Vt-hWng,Mi Casita Mexican Restaurant & Taqueria,Tex-Mex,"Restaurants, Tex-Mex, Mexican",Cleveland,2,3.2857142857142856,7
ZeN8xHEhsPS-amDyZSYJ9w,Ruth's Chris Steak House,Steakhouses,"Restaurants, Steakhouses",Cleveland,3,4.375,8
7kjQBf9FvS-wUXawx965QQ,P Jay's Pizza,Pizza,"Restaurants, Pizza",Cleveland,2,2.8,5
Lox6-6gfbRXgc4VMMwPb7g,Thirsty Parrot,Nightlife,"Nightlife, Restaurants, Bars, American (New), Sports Bars",Cleveland,2,3.533333333333333,15
x39RAjfckW2buRTZ57rKDA,Charlie's Restaurant,Diners,"Diners, Breakfast & Brunch, Burgers, Restaurants",Cleveland,1,3.5555555555555554,9
Aw4HH_bjUL8L_EU61mgQHg,Tasty Pizza,Food,"Food, Pizza, Restaurants, Italian, Food Delivery Services",Cleveland,2,3.888888888888889,9
eQPmRBwVHCX3mx5ld03OFA,Michael's Bakery,Bakeries,"Bakeries, Donuts, Restaurants, Food, Delis",Cleveland,2,4.714285714285714,7
228mfqUuGbnCs1kiupJXZw,Map of Thailand,Thai,"Thai, Restaurants",Cleveland,2,4.285714285714286,70
rQ9qBma0ol5N5O_sOZ-l8w,Goodman's Sandwich Inn,Delis,"Restaurants, Delis",Cleveland,1,3.857142857142857,7
Pnv-BffVgfQmXb8y_DEWMQ,Latitude 41n,Diners,"Diners, Breakfast & Brunch, Restaurants",Cleveland,1,3.411764705882353,68
h0Wmyzb8q0bXbrqmWqVvfQ,Jackie Chen Dragon Tower Restaurant,Chinese,"Restaurants, Chinese",Cleveland,2,3.75,20
T4OTL7ZGe-UTrpWl3KwZOA,Market Avenue Wine Bar,Nightlife,"Nightlife, Tapas/Small Plates, Wine Bars, Restaurants, Bars",Cleveland,2,4.446808510638298,47
NbjeMaUoYT_XUB8PWnwLkw,Pizza Pan,Pizza,"Pizza, Restaurants",Cleveland,1,1.8,5
1YGQsn4AHPbcVsRmHqbeqQ,B Spot - Horseshoe Casino,Burgers,"Burgers, Salad, Restaurants",Cleveland,2,2.8333333333333335,12
LnYkQ2Hjm-klqYJVgZ1cEQ,Sakura,Chinese,"Restaurants, Chinese, Japanese, Sushi Bars",Cleveland,1,3.6666666666666665,9
0youcKV6-eE3F2MQj1l6Fw,100th Bomb Group,Venues & Event Spaces,"Venues & Event Spaces, American (New), Sandwiches, Restaurants, Event Planning & Services, African",Cleveland,2,3.107142857142857,28
gUR2pWQKLPgMEm_R_aI_aw,Shooters On The Water,Wine Bars,"Wine Bars, Seafood, Event Planning & Services, Venues & Event Spaces, Nightlife, Bars, American (Traditional), Sandwiches, Burgers, Cocktail Bars, Dive Bars, American (New), Restaurants",Cleveland,2,2.5636363636363635,55
i40pCeg6QG5CsAvP0Vp0Xg,Bistro On Lincoln Park,Breakfast & Brunch,"Restaurants, Breakfast & Brunch, Food, American (New)",Cleveland,3,3.1666666666666665,12
ib8kSuDsmqLpbXuIs4KfKw,Kim's Wings,Chicken Wings,"Restaurants, Chicken Wings, Barbeque",Cleveland,1,3.7,10
GEkDYesNiLzMA4Ib0velBg,Potbelly Sandwich Shop,Food,"Food, Italian, Delis, Restaurants, Sandwiches, Breakfast & Brunch, Fast Food",Cleveland,1,3.875,8
gNER9lE1Ma9FLm9MBsvYgg,Market Garden Brewery,Breweries,"Breweries, Restaurants, Food, Gastropubs, American (New)",Cleveland,2,3.5619047619047617,210
sYo2QHxXMnO1IfALy21tIg,Pure DeLite Strongsville,Gluten-Free,"Gluten-Free, Coffee & Tea, Bakeries, Food, Restaurants",Cleveland,2,2.8333333333333335,6
evNdyHPR1B8E1aIoUAsGrQ,Chipotle Mexican Grill,Mexican,"Mexican, Fast Food, Restaurants",Cleveland,1,1.6111111111111112,18
7d3tmP0XIFdjdqQ6hBRA4Q,IL Bacio,Italian,"Restaurants, Italian",Cleveland,3,3.7333333333333334,15
sRqlwSng2nHqTZuggX__Mw,Wilbert's Food & Music,Nightlife,"Nightlife, Bars, American (Traditional), Arts & Entertainment, Restaurants, American (New), Music Venues",Cleveland,1,4.181818181818182,22
IoXcQkLpEaiv6S7ITelLWg,Ushabu,Tapas/Small Plates,"Tapas/Small Plates, Pan Asian, Restaurants, Taiwanese, Hot Pot, Japanese",Cleveland,2,4.44,25
F2pfjAZ_3dMTGCKv6c5wOw,Momocho,Mexican,"Restaurants, Mexican",Cleveland,2,4.08300395256917,253
EtLmuDIMsBCmqdgpysz60Q,La Strada,Italian,"Italian, Restaurants",Cleveland,3,3.0,36
Xny0n0s98TpP82sQxfgIMQ,Sokolowski's University Inn,Polish,"Polish, Nightlife, Restaurants, American (Traditional), Bars",Cleveland,2,4.267441860465116,172
PPCuGwbGA7HlhsGh8dbBsA,Taj India Palace,Buffets,"Restaurants, Buffets, Indian",Cleveland,2,3.96875,32
bupMXFUaZfranBLdaVcRww,Ginko,Sushi Bars,"Sushi Bars, Japanese, Restaurants",Cleveland,3,4.336065573770492,122
5mJlO3oCw_4vvbq1qM6OEg,La Bodega,Soup,"Soup, Salad, Sandwiches, Restaurants",Cleveland,2,3.9038461538461537,52
nJrFxROYx9sis3acKkhzgA,Lolita,Food,"Restaurants, Food, American (New), Ethnic Food, Specialty Food",Cleveland,2,4.264516129032258,155
-V-fpvR47iZJ5jq8Eit7ng,Murray Hill Market,Event Planning & Services,"Event Planning & Services, Delis, Caterers, Grocery, Food, Restaurants, Sandwiches",Cleveland,2,4.571428571428571,28
TIhj44mic9wxLcv18BJTLA,BRGR 9,American (Traditional),"Restaurants, American (Traditional)",Cleveland,2,3.096774193548387,31
J4jxIxv_vgmWHCajos_B8w,Taza A Lebanese Grill,Middle Eastern,"Restaurants, Middle Eastern, Mediterranean",Cleveland,2,4.112903225806452,62
Qeie5-8-S_hLPk7_ujpajw,The Nauti Mermaid,Seafood,"Seafood, Desserts, Restaurants, Breakfast & Brunch, Food",Cleveland,2,3.392857142857143,84
OD2dbQTKN7FS01fHzZqqzA,The Bourbon Street Barrel Room,Cajun/Creole,"Cajun/Creole, Nightlife, Restaurants, Bars, Seafood",Cleveland,2,4.036036036036036,111
s7SaLKwhfRXZqYY6NClLew,Market at Flying Fig,Beer,"Beer, Wine & Spirits, Restaurants, Sandwiches, Food",Cleveland,2,4.166666666666667,18
-F0B5F1YLx7093otwgboxw,Wild Eagle Saloon,American (Traditional),"American (Traditional), Restaurants, Nightlife, Music Venues, Beer Bar, Arts & Entertainment, Bars",Cleveland,2,3.823529411764706,17
JezHN-9KKLTMbojq00VP0g,Le Petit Triangle Café,French,"Restaurants, French, Breakfast & Brunch, Cafes",Cleveland,2,4.089041095890411,146
CzcfYhCbzPoVEgVZfOgw8A,The Boiler 65,Seafood,"Restaurants, Seafood",Cleveland,4,3.0,7
1FbPiw_tWdyjrUcJa41Zvg,Goodfellers,Beer,"Beer, Wine & Spirits, Caterers, American (Traditional), Event Planning & Services, Burgers, Nightlife, Restaurants, Bars, Sports Bars, Food",Cleveland,2,2.857142857142857,7
gWz6E7v0i403_t8Ntor5JQ,Santorini Greek Taverna,Mediterranean,"Mediterranean, Restaurants, Greek",Cleveland,2,4.1875,32
wzj2cMpiDJW0HB3iCvCOYA,The Jolly Scholar,Event Planning & Services,"Event Planning & Services, Bars, American (New), Restaurants, Caterers, Nightlife, Food, Breweries",Cleveland,1,3.888888888888889,36
K6I_546GX7wxvI4CVZDrRQ,Taco Bell,Mexican,"Mexican, Fast Food, Restaurants, Tex-Mex",Cleveland,1,3.0,6
IYpaW7h8aPYKIK84_ZKMIg,Puente Viejo,Nightlife,"Nightlife, Restaurants, Mexican, Tapas Bars, Bars",Cleveland,2,4.0,22
OiCcesI28uoVgdYmO8VjXw,Big Boy Restaurant,Burgers,"Burgers, Restaurants, Breakfast & Brunch, Sandwiches",Cleveland,1,2.75,8
IJlEACzNH-i_6Ovppj1KSQ,The Plum Cafe & Kitchen,American (Traditional),"American (Traditional), Cafes, Bars, Restaurants, Nightlife",Cleveland,2,4.423076923076923,26
7FFlMoNoIW5W3KgCYqknmQ,Cleveland Airport Marriott,Event Planning & Services,"Event Planning & Services, Hotels & Travel, Venues & Event Spaces, Restaurants, Hotels",Cleveland,2,3.8333333333333335,6
nZnebnuZDiBJxEMDxcDF-w,Winners Sports Bar & Grill,Bars,"Bars, Burgers, Sports Bars, Restaurants, Nightlife, Chicken Wings",Cleveland,2,3.2,5
k-XN0KuOWPU5xZlfXOVSlA,Ninja City Kitchen and Bar,Bars,"Bars, Restaurants, Japanese, Nightlife, Asian Fusion, Ramen",Cleveland,2,3.3333333333333335,60
tnvy8Xt_pRGIpWzcOJf9-g,Omar's Seafood & Grill,Seafood,"Restaurants, Seafood",Cleveland,2,4.0,4
oHeiAs-mnDJU1_4BD8_5Dg,Señor Tequila Mexican Grill & Cantina,Mexican,"Restaurants, Mexican",Cleveland,2,3.5,18
mbk0WvEjeVXUEckUq5D1BQ,Greek Express,Greek,"Restaurants, Greek",Cleveland,1,4.083333333333333,12
t9zdTrf38kkE7XTmkrsMyQ,Nexus Café & Coffeehouse,American (New),"American (New), Food, Restaurants, Coffee & Tea",Cleveland,1,3.7777777777777777,9
Aob9kNExpqUX5zD5culM9A,Eat At Joe's,Breakfast & Brunch,"Restaurants, Breakfast & Brunch",Cleveland,1,4.083333333333333,24
Cg7LzEnDacKMrNaezjRGsA,Steve's Family Restaurant,American (Traditional),"American (Traditional), Restaurants, Diners, Breakfast & Brunch",Cleveland,1,4.166666666666667,12
z82CyKgRSX2KyUWgphygtg,Gabe's Family Restaurant,Breakfast & Brunch,"Restaurants, Breakfast & Brunch",Cleveland,1,3.5,12
K6fYrrTorlpXmqutRcrHzg,Tremont Taphouse,Nightlife,"Nightlife, Gastropubs, Pubs, American (New), Restaurants, Beer Bar, Bars",Cleveland,2,4.087628865979381,194
C68LYoOSiitXTczAFXjdiQ,Maha's Cafe,Middle Eastern,"Middle Eastern, Restaurants",Cleveland,1,4.5,18
dqzdumTXqMvoB7SVXos-Qg,Hodge Podge Truck,Street Vendors,"Street Vendors, American (New), Food, Food Stands, Restaurants",Cleveland,2,3.875,8
J5tGb5yI9-bMEohZrtf0SQ,Carmino's Pizza,Pizza,"Pizza, Restaurants",Cleveland,2,3.5,12
t7b_86s_Q__P35H9NXedhw,Gyro World,Ethnic Food,"Ethnic Food, Greek, Food, American (New), Restaurants, Specialty Food",Cleveland,1,4.0,11
U-wZPV97TC3cAmIPyupwXA,Victoria's Deli & Restaurant,Delis,"Delis, American (New), Restaurants, American (Traditional)",Cleveland,1,3.625,8
h0eR5-U7hWtkKeYbqJIqPA,Luchita's Express,Mexican,"Mexican, Restaurants",Cleveland,1,4.4,5
l_MAsRrpzf2sXPykr9DyxQ,Capri Pizza,Pizza,"Pizza, Restaurants",Cleveland,1,4.105263157894737,19
kf5vUoZTGedgydqce2e08g,Fat Fish Blue,Cajun/Creole,"Cajun/Creole, Restaurants, American (New), Seafood",Cleveland,2,2.888888888888889,9
MAXMZMUEprc7rUMeoXrarw,Daily Press,Juice Bars & Smoothies,"Juice Bars & Smoothies, Restaurants, Desserts, Food, Cafes, Coffee & Tea",Cleveland,2,4.6,15
123cbSJgE-BzNCzXV_7r0g,North Coast Cafe,Buffets,"Restaurants, Buffets, American (New)",Cleveland,2,3.5833333333333335,12
GQRql4WEd_tdMXJDzb7WIA,McNultys Bier Markt,Nightlife,"Nightlife, Bars, Food, American (New), Gastropubs, Restaurants, Lounges, Beer, Wine & Spirits, Belgian",Cleveland,2,4.247422680412371,97
pGjtxXBq4tZcdKdgTU-Tww,Little Hong Kong,Chinese,"Chinese, Restaurants",Cleveland,1,4.0,9
wbGOeoSttZguRXldqaiBVA,Zanzibar Soul Fusion,Soul Food,"Soul Food, Restaurants, Southern",Cleveland,2,3.1666666666666665,24
956ZfpypyxLLkRmlaHWGkA,Double Dragon Buffet,Chinese,"Chinese, Buffets, Restaurants",Cleveland,2,3.6,10
LnkkArYSmU9pYRWOO6oPzw,Yours Truly Restaurants,Diners,"Restaurants, Diners",Cleveland,1,3.0606060606060606,33
MmHg20VupqMSQXL0jLNFmg,Cedarland At the Clinic,Middle Eastern,"Middle Eastern, Restaurants",Cleveland,1,3.5,12
EoHYfqfIIRhDuI1h5YWagw,David's At Marriot Key Center,Breakfast & Brunch,"Breakfast & Brunch, Hotels, Restaurants, Event Planning & Services, Hotels & Travel, American (Traditional)",Cleveland,2,3.6,5
ajCLNse9PXoZniKna0S69Q,Don Ramon,American (New),"American (New), Mexican, Restaurants",Cleveland,2,3.625,8
r2BP0Irh63hqYUDSZd0ijQ,Stancato's Italian Restaurant,Italian,"Italian, Pizza, Event Planning & Services, Restaurants, Caterers",Cleveland,2,3.8214285714285716,28
ygpvIw60wGri7cr3CA9Ipw,Jerusalem Grill,Kosher,"Kosher, Middle Eastern, Chinese, American (New), Restaurants",Cleveland,1,4.166666666666667,6
bJtlSfdr8KPCSsOr9PvGjw,Gina's Place,Diners,"Diners, Breakfast & Brunch, American (Traditional), Restaurants",Cleveland,1,4.428571428571429,7
7toYPf5ZAjCkEuwaMPtDwQ,Wah Fu Chinese Restaurant,Chinese,"Chinese, Restaurants",Cleveland,1,2.0,8
9p-oDNOVSG38rRN-15MviQ,Korea House,Korean,"Korean, Restaurants",Cleveland,2,3.731707317073171,41
CRSr30-6ZZnT29gV13_eqw,Terrace Club At Progressive Field,American (Traditional),"American (Traditional), Restaurants",Cleveland,3,2.8,5
en2o4Y4kdDHIDc5P82EXBw,Simply Greek,Caterers,"Caterers, Burgers, Restaurants, Event Planning & Services, Greek, Mediterranean",Cleveland,1,4.56,25
WAzIjBcsRIY7HKhTMxVeow,Black Dog Kitchen & Bar,Gastropubs,"Restaurants, Gastropubs, American (New)",Cleveland,2,3.0588235294117645,17
HUTDbniG4URIGfkP8e_cfA,Quaker Steak & Lube,Chicken Wings,"Chicken Wings, Burgers, Restaurants, American (Traditional)",Cleveland,2,3.8333333333333335,6
3z6gQVDbWuykm-a8R1YyJg,Captain Tony's Pizza,Pizza,"Pizza, Restaurants",Cleveland,1,2.8,5
dcT4gXG-lY7xlaU_YPaZTw,Cafe 55,Coffee & Tea,"Coffee & Tea, Breakfast & Brunch, Food, Cafes, Restaurants",Cleveland,2,3.75,8
MTQot6uazWb2SV3WABa20Q,Lincoln Tap House,Nightlife,"Nightlife, Bars, American (Traditional), Restaurants, Sports Bars",Cleveland,2,3.0,19
MHxce6ztMkbYHR8z3Z1q3g,Jack's Deli & Restaurant,Delis,"Restaurants, Delis, Event Planning & Services, Caterers",Cleveland,2,3.803921568627451,51
Hy_UuNOaOgpoBDo-d-kcbw,Gabe's Deli,Delis,"Delis, Coffee & Tea, Restaurants, Food, Sandwiches",Cleveland,2,4.3478260869565215,23
soQEl35sQuARBOlH1Y6MaQ,Teresa's Pizza,Pizza,"Pizza, Restaurants",Cleveland,1,2.8,5
63ieHAevJ5szVnClT8FzGQ,Phoenix Coffee Bar,Coffee & Tea,"Coffee & Tea, Restaurants, Food, Cafes",Cleveland,1,4.7317073170731705,41
Jbl6p9CVkfCB8fWYFd2-Qw,Club Isabella,Diners,"Diners, Restaurants, French",Cleveland,3,3.2413793103448274,29
ttRnQ4PYIuR_ptgaTT2g_A,Athens Pizzeria,Italian,"Italian, Pizza, Restaurants, Mediterranean, Caterers, Event Planning & Services",Cleveland,1,4.461538461538462,13
taZtZfRU6AG-Q5T0CIS46Q,Nick's Diner,Breakfast & Brunch,"Restaurants, Breakfast & Brunch, Diners",Cleveland,1,3.4827586206896552,29
9IJ-TE4HEcAJQkUtc1A_Vw,Parallax Restaurant and Lounge,Sushi Bars,"Sushi Bars, Asian Fusion, Restaurants",Cleveland,3,4.020408163265306,98
VodyCVoc3QUoEsi0rv0opg,Mike & Dee's Diner,Breakfast & Brunch,"Breakfast & Brunch, Restaurants, Diners",Cleveland,1,4.142857142857143,7
aPnAEP8WzjJkxyAJ59GS8Q,Indies,Indian,"Indian, Pakistani, Restaurants",Cleveland,1,4.153846153846154,26
OyhCNhJJuJjUt2avxI5POg,Chocolate Bar,Nightlife,"Nightlife, American (New), Restaurants, Bars",Cleveland,2,3.0538461538461537,130
112pGcb0ZB666d_IwFt4jA,Chutney Rolls,Indian,"Indian, Restaurants",Cleveland,1,3.903225806451613,31
A4GjSb9NhUKGUoyyGHNwYQ,Don G's Pizzeria,Pizza,"Restaurants, Pizza",Cleveland,2,3.0,5
0ZPuFZMMYfRa3FRfjddCDA,The Spread Buffet,Buffets,"Restaurants, Buffets",Cleveland,2,2.375,16
bgNmUYcraelf27TviWEMGA,Inn On Coventry,Breakfast & Brunch,"Breakfast & Brunch, Diners, Restaurants",Cleveland,1,4.104347826086957,115
D6KoYvnmWswZJjdGm0uiqA,Girves Brown Derby,Steakhouses,"Steakhouses, Beer, Wine & Spirits, Restaurants, Food",Cleveland,2,2.8181818181818183,11
Ur4eYOFq4qVLHkZJNmcqfQ,Prosperity Social Club,Nightlife,"Nightlife, Bars, Restaurants, Pubs, Breakfast & Brunch",Cleveland,2,3.9722222222222223,108
aV-f_elvNoDG-yC6XJ5NKg,Gypsy Beans and Baking Company,Sandwiches,"Restaurants, Sandwiches, Bakeries, Food, Coffee & Tea",Cleveland,1,4.095890410958904,73
nWW6fBfBljiRFa4sG7TyxA,The Black Pig,American (New),"American (New), Restaurants, French",Cleveland,2,4.016393442622951,61
CuIPocteo1F3LEn1OqUoHg,China Jade,Chinese,"Chinese, Restaurants",Cleveland,2,4.3,10
51kUjAGZLtDl1K3XV_UXxQ,Tropical Smoothie Cafe,Food,"Food, Juice Bars & Smoothies, Cafes, Restaurants",Cleveland,1,3.25,16
Ur4WVTUfMrTMW-yVsREEvA,Ticket To Tokyo,Japanese,"Restaurants, Japanese",Cleveland,1,3.888888888888889,9
Nkb9_PKgnVYZe8W1y_fBRg,Dante Next Door,American (Traditional),"American (Traditional), Italian, Restaurants, Pizza, Nightlife, Bars",Cleveland,2,4.1,40
3r_y_cjRlobJNApmXDJoRg,Phnom Penh,Cambodian,"Cambodian, Asian Fusion, Thai, Restaurants",Cleveland,2,3.5483870967741935,62
LNsZJP6jZ11e0tDljOLPiQ,Townhall,Salad,"Salad, Sandwiches, Food, American (New), Restaurants, Juice Bars & Smoothies, Beer, Wine & Spirits",Cleveland,2,3.9864864864864864,296
LtDYRcMJbJPhXPEklT29Fw,EDWINS Leadership and Restaurant Institute,French,"French, Cooking Schools, Adult Education, Restaurants, Specialty Schools, Education",Cleveland,3,4.638297872340425,47
v5MjMhbdEn2fSCtvmXdgZQ,Betty's Bomb Ass Burgers,Burgers,"Burgers, Restaurants, Food, Food Trucks, Vegan",Cleveland,2,4.714285714285714,7
Kr1ANk9o4NrLu87xoWB80A,The Parma Tavern,Sports Bars,"Sports Bars, American (Traditional), Nightlife, Restaurants, Bars",Cleveland,2,3.25,20
PBSnhhjJ9X2uMRgx4QhTcw,Sirius Pizza,Pizza,"Pizza, Restaurants",Cleveland,2,3.6666666666666665,6
EjBZKPyq_G9WMO01N8DnDw,Winking Lizard Tavern,Bars,"Restaurants, Bars, Sports Bars, Burgers, Nightlife, Chicken Wings",Cleveland,2,3.310344827586207,58
HmF1uRRxucvELiPWXXsZPw,Helio Terra Vegan Cafe,Juice Bars & Smoothies,"Restaurants, Juice Bars & Smoothies, Vegan, Food, Vegetarian",Cleveland,2,4.352941176470588,17
k1VQF6auj3RQT-QjMWtrEw,Artefino Art Gallery & Cafe,Art Galleries,"Art Galleries, Shopping, Coffee & Tea, Breakfast & Brunch, Restaurants, Food, Arts & Entertainment",Cleveland,1,4.0,8
9LAXz_VfATZ0kLdaavkN4g,Bakersfield,Mexican,"Mexican, Bars, Tex-Mex, Nightlife, Restaurants, Cocktail Bars",Cleveland,2,4.382978723404255,47
yBHltbm3DqNaKgBgTMpxsA,Happy Buddha Cafe,Chinese,"Chinese, Restaurants",Cleveland,1,3.5,8
Aveg0GSyXhU8tTlH5Ior-A,Parker's Downtown,Bars,"Bars, Nightlife, American (Traditional), Restaurants, Breakfast & Brunch",Cleveland,2,4.0,13
BMXeJPcosAxfLU-6baO_0Q,Pedros Pedros,Mexican,"Mexican, Fast Food, Restaurants",Cleveland,1,2.5,8
wOKcWLyN1DhSEl3Y1eG5nQ,Flying Fig,American (New),"American (New), Restaurants, Vegetarian, Bars, Nightlife, Breakfast & Brunch",Cleveland,2,4.147239263803681,163
SYOzI_Ooe-rXI3ZqCybwSQ,The Diner On Clifton,Diners,"Restaurants, Diners",Cleveland,1,3.9885057471264367,87
tCVma1LcSnLWBRqJoTom5g,Napoleon's Pizza,Pizza,"Pizza, Restaurants",Cleveland,2,3.9,10
haGstZfcH0IeRPncH2oFPQ,Cha Spirits & Pizza Kitchen,Pizza,"Pizza, Food, American (New), Sandwiches, Restaurants, Fast Food, Italian, Beer, Wine & Spirits",Cleveland,2,4.135135135135135,37
s9CG5XGXJQpP03iYFIHeLA,Pura Vida,American (New),"American (New), Restaurants",Cleveland,2,4.2439024390243905,82
DhD1sFqgtjg1rsIWuIeTng,Palookaville Chili,Southern,"Restaurants, Southern, Soul Food",Cleveland,1,4.130434782608695,23
1LbvFwxbLepIpDasI-Pshg,Subway,Fast Food,"Restaurants, Fast Food, Sandwiches",Cleveland,1,2.5,6
dN0GBmRHgxFPCWtejNkKbw,Hansol,Korean,"Korean, Barbeque, Soup, Seafood, Restaurants",Cleveland,2,3.8333333333333335,6
THc8RsAa8_ohIR21NCnLog,Take 5,American (Traditional),"American (Traditional), American (New), Restaurants, Tapas Bars, Arts & Entertainment, Jazz & Blues, Nightlife",Cleveland,2,3.0,11
4HVGgGI5rKvUJcaIV7ub7Q,Gionino's Pizzeria,Pizza,"Restaurants, Pizza",Cleveland,1,4.142857142857143,7
JCdEeoMxmY-kBgIrjbvwRw,Panini's Warehouse District,Nightlife,"Nightlife, Bars, Restaurants, Pubs, Pizza, Sandwiches",Cleveland,1,3.263157894736842,19
3tPemruVItQW12O3tYnsxg,Bylo Gyro Bob's,Sandwiches,"Sandwiches, Restaurants",Cleveland,1,4.4,5
XHUGoHv5mP1zsgloxI-Oig,Nova Bar & Grill,Bars,"Bars, Restaurants, Nightlife, Argentine, Lounges",Cleveland,2,4.125,8
7W_PUqiBmoe2PVFGQ1ZBOg,Bruno's Ristorante,Caterers,"Caterers, Restaurants, Event Planning & Services, Italian",Cleveland,2,4.1568627450980395,51
cX2Nr_XmGYlMaBW35M0sUg,Mabel's BBQ,Bars,"Bars, Restaurants, Nightlife, Barbeque",Cleveland,2,3.962406015037594,133
Occo0_pOXAUG-eL6gazeGQ,Applebee's,Sports Bars,"Sports Bars, Restaurants, American (Traditional), Burgers, Nightlife, Bars",Cleveland,2,2.4444444444444446,9
ZWq8Fq13JPDAqt7rPjSwcQ,Cork-N-Bottle,American (New),"American (New), Nightlife, Restaurants, Bars",Cleveland,1,3.5,10
w1rHHt72BON3K_C4caDDXw,Pupuseria Katarina,Salvadoran,"Salvadoran, Latin American, Restaurants",Cleveland,1,4.285714285714286,21
HIvLwkEYuGRtI17H2x7RuQ,Bold Food & Drink,Bars,"Bars, American (New), Restaurants, Nightlife",Cleveland,2,4.170731707317073,41
iyeanZgAkpCSL4eHoqdhnw,Music Box Supper Club,Event Planning & Services,"Event Planning & Services, Arts & Entertainment, Venues & Event Spaces, Nightlife, Restaurants, American (New), Party & Event Planning, Music Venues",Cleveland,2,3.1875,48
s1FNMwBVBmC7mLfYy77e8g,Spice Kitchen + Bar,Bars,"Restaurants, Bars, Nightlife, American (New)",Cleveland,2,4.141304347826087,92
IPrtHNKwLERUKvYJGDOHtg,Lemon Grass,Thai,"Restaurants, Thai",Cleveland,2,2.5641025641025643,39
osfBW9AMuOqX3aDsA6Rzmg,Elements Bistro,American (New),"American (New), Restaurants",Cleveland,2,4.4,10
UT7I809RZYVsRzUUsCDTbQ,Mixed Greens,Sandwiches,"Sandwiches, Restaurants, Salad, Fast Food",Cleveland,1,3.6666666666666665,6
ks8XsTMTungCk-HUtZleYg,Water Garden Cafe,Cafes,"Cafes, Vegetarian, Restaurants, American (Traditional), Vegan",Cleveland,2,3.8333333333333335,6
tnd0GWjSEntWbG6wpLu61g,Cuisine of India,Indian,"Indian, Halal, Restaurants, Vegetarian, Vegan",Cleveland,2,3.740740740740741,27
FeigEbRVs3d_WoMVUhIT7g,Crop Sticks,Asian Fusion,"Restaurants, Asian Fusion, Chinese, Sushi Bars",Cleveland,2,2.9565217391304346,23
X6chSU0KBGHGNxZ8UH_qag,Kenko Sushi & Teriyaki,Food,"Food, Japanese, Ethnic Food, Restaurants, Sushi Bars, Specialty Food, Bubble Tea, Asian Fusion",Cleveland,1,4.061224489795919,49
Gh2kkOnzieYqe5cVLtl7MA,Tabletop Board Game Cafe,Sports Bars,"Sports Bars, Nightlife, Cafes, Restaurants, Coffee & Tea, Bars, Food",Cleveland,1,4.258064516129032,31
628tNYMR-o_e7SGjatZ8kw,Denny's,American (Traditional),"Restaurants, American (Traditional), Diners",Cleveland,1,3.0,5
RFxiH1C6NcDBOurFfs2UVg,Steve's Doghouse,Diners,"Diners, American (Traditional), Breakfast & Brunch, Restaurants",Cleveland,1,4.666666666666667,6
BsvCTCVG7lrzXZ68VyyIcg,Lago East Bank,Italian,"Italian, Restaurants",Cleveland,2,3.8421052631578947,57
n0NH0FW8NU3zfeJY3QluMQ,Flannery's Pub,Bars,"Bars, Irish, Restaurants, Nightlife, Sports Bars, Pubs",Cleveland,2,3.5294117647058822,85
RadvHxEGJLdp9IvNWzv30g,Sweet! Mobile Cupcakery,Food,"Food, Restaurants, Desserts, Food Stands",Cleveland,1,4.0,7
kyphxFtMIC6w7ktg-fwxWA,Panera Bread,Salad,"Salad, Breakfast & Brunch, Bagels, Soup, Restaurants, Sandwiches, Food",Cleveland,2,2.736842105263158,19
2nn6Sx5EFpzFbsy5cJYHUg,Merwin's Wharf,American (Traditional),"Restaurants, American (Traditional), Community Service/Non-Profit, American (New), Local Services",Cleveland,2,3.5714285714285716,42
Y1x-DOdfvlIGxVzDXmd-eg,Winking Lizard Tavern,American (Traditional),"Restaurants, American (Traditional), Bars, Nightlife",Cleveland,2,3.411764705882353,17
_6Brh4UGrsnakkBKT1H_Qw,Beerhead Bar & Eatery,Beer Gardens,"Restaurants, Beer Gardens, Beer, Wine & Spirits, Bars, Beer Bar, Food, Nightlife, Sandwiches, American (Traditional)",Cleveland,2,3.7183098591549295,71
ORRq2RMOCBUNjolyJl8-Lw,Juji's Cafe,Cafes,"Cafes, Restaurants, Delis, Breakfast & Brunch, Middle Eastern, Diners, Mediterranean",Cleveland,2,2.6666666666666665,12
7xfeQhen2wLnvFuQNvmTAg,Tandul,Buffets,"Buffets, Indian, Bars, Restaurants, Nightlife",Cleveland,2,4.0588235294117645,34
Dt-ygvMchiw0wrWpocGOeg,Byte Cafe,Coffee & Tea,"Coffee & Tea, Salad, Cafes, Food, Sandwiches, Soup, Specialty Food, Restaurants",Cleveland,1,4.222222222222222,9
7xmuQuhpzBlkkSbWePFeVQ,Orale! Kitchen,Mexican,"Restaurants, Mexican",Cleveland,2,3.75,60
jQe-ZROYfR7dTgUhAtjvrQ,Angie's Soul Cafe,Soul Food,"Soul Food, Southern, Restaurants",Cleveland,1,3.375,16
wftmt-n8OUA4Ng3bWWH5dw,Wonton Gourmet & BBQ,Chinese,"Chinese, Cantonese, Restaurants, Barbeque",Cleveland,2,4.070796460176991,113
a58P2BPCCbQgDMbEoLfWzg,Emperor's Palace,Chinese,"Chinese, Vegetarian, Dim Sum, Restaurants",Cleveland,2,3.619047619047619,42
B0qB9pWaYOFx_iv_KNSLbw,Irie Jamaican Kitchen,Caribbean,"Restaurants, Caribbean",Cleveland,1,4.5,6
1Mf0UInsuxMNfJjzy0rTBQ,Denny's,Diners,"Diners, Restaurants, Breakfast & Brunch, American (Traditional)",Cleveland,1,1.2,5
kXIJwryYY2xDHNnI7jz-WQ,Pho Thang Cafe,Vietnamese,"Vietnamese, Restaurants",Cleveland,2,4.176470588235294,68
svRAGD2eDu2kXiZuV5Qd5g,Souper Market,Soup,"Soup, Restaurants",Cleveland,1,4.266666666666667,30
PlmdHJS5tiFrIM65klmNNA,Panini's Bar & Grill,American (Traditional),"Restaurants, American (Traditional)",Cleveland,1,2.7,10
3OCgpAos1gmS4rbWTIjmsQ,Liquid Planet,Salad,"Restaurants, Salad, Sandwiches, Food, Juice Bars & Smoothies",Cleveland,1,4.0,39
d9fHu9xEmCDs9ShFIWEMZw,Kifaya's Kitchen,African,"African, Restaurants, Mediterranean",Cleveland,2,4.8,5
w1Dt_Dsbm40IgdVERLv5sQ,Jake's,Delis,"Delis, Sandwiches, Restaurants, Coffee & Tea, Food",Cleveland,1,3.857142857142857,7
XBRCMc3rcvcRXrB3p-o9yA,Balaton Restaurant,American (New),"Restaurants, American (New), Hungarian",Cleveland,2,3.90625,32
MjAuGkgPjNLyMrN74_0YbA,Johnny's Downtown,Seafood,"Seafood, American (Traditional), Restaurants, Italian",Cleveland,3,3.611111111111111,36
meXjqyhTNLFmknY39y2sMg,Great Lakes Brewing Company,Food,"Food, Restaurants, American (New), Event Planning & Services, Venues & Event Spaces, Breweries",Cleveland,2,4.012820512820513,234
LMam7VLCMJfa1EoUfAv61Q,Shark's Seafood & Deli,Seafood,"Seafood, Restaurants, Delis, Sandwiches",Cleveland,2,3.8666666666666667,15
tef87haIHYdgG5GYMlQ6iQ,Dimitri's Family Restaurant,American (Traditional),"Restaurants, American (Traditional)",Cleveland,1,2.6666666666666665,6
gIZgDLdt-PW1j7QjV6z2Lg,Hanabi Japanese Restaurant,Sushi Bars,"Sushi Bars, Japanese, Restaurants",Cleveland,2,4.125,32
yh0mvFCjZuMKy562h2_d_A,Minh-Anh Vietnamese Restaurant,Vietnamese,"Restaurants, Vietnamese",Cleveland,2,4.044444444444444,90
KIanJQ6ZouQRQeaim8gZHQ,Provenance,Museums,"Museums, Nightlife, Arts & Entertainment, American (New), Restaurants, Bars, Breakfast & Brunch",Cleveland,2,4.105263157894737,19
fS1QBwuCUXVQ_K7LNnYvBg,Mi Pueblo,Mexican,"Mexican, Restaurants, American (Traditional)",Cleveland,2,2.5454545454545454,33
0FXAHiDs1Fkr3V_kK8b1SA,Cleats Club Seat Grille Old Brooklyn,Bars,"Bars, Chicken Wings, American (Traditional), Restaurants, Nightlife, American (New), Sports Bars",Cleveland,2,3.1176470588235294,17
_yKeTKNvXaBduAkRIS84Aw,Kafeteria,Pizza,"Pizza, Juice Bars & Smoothies, Food, Buffets, Restaurants",Cleveland,2,3.8333333333333335,24
-_DxZ8gKU50sfuZEu4ypKg,Saigon Restaurant and Bar,Thai,"Thai, Restaurants, Chinese, Vietnamese",Cleveland,2,3.728395061728395,81
VSo34eZH-0u-CMyLpXD1qQ,Amy Joy Donuts,Food,"Food, Restaurants, Donuts, Coffee & Tea",Cleveland,1,2.1666666666666665,6
W80o5A-ajAznRWO3E5J7EQ,Bill's Coffee Shop,Food,"Restaurants, Food, Diners, Coffee & Tea",Cleveland,1,3.4,5
ZcbGfZ0GYjvJp9xi5uE9KA,Pizza Whirl,Pizza,"Restaurants, Pizza",Cleveland,1,4.571428571428571,14
J-c9f_geQDMcNiZSjJDDYw,Mekong River Restaurant,Thai,"Thai, Restaurants, Cambodian",Cleveland,2,3.8333333333333335,30
8bnX7WyIZ_ZMoUNnkkFa_Q,Muse,Wine Bars,"Restaurants, Wine Bars, Bars, Lounges, American (New), Nightlife",Cleveland,3,3.4285714285714284,7
VyqC3N2iBtR6PczQGafe5w,Diner On 55th,Diners,"Diners, Restaurants, Breakfast & Brunch",Cleveland,1,3.7142857142857144,7
wSAGILK2CFbq5BVZ5D67-A,Adega,Lounges,"Lounges, Food, Event Planning & Services, Restaurants, Mediterranean, Bars, Hotels & Travel, Breakfast & Brunch, Nightlife, Hotels, Beer, Wine & Spirits",Cleveland,3,3.480769230769231,52
g0APw_zhwwHoLjSlHEsTzw,Applebee's,Fast Food,"Fast Food, Sports Bars, American (Traditional), Bars, Nightlife, Burgers, Restaurants",Cleveland,2,3.6,5
3-PNVMyFBJEDAGghumsY5Q,Moko Coffee & Tea,American (New),"American (New), Restaurants, Cafes, Delis, Coffee & Tea, Food",Cleveland,1,2.888888888888889,9
4V2KN03EJMzaoOmLOy5UhQ,Barley House,Dance Clubs,"Dance Clubs, American (New), Restaurants, Bars, Pubs, Nightlife",Cleveland,2,2.8135593220338984,59
o_une30mUUXlFdcud-cqWw,Seoul Hot Pot,Korean,"Restaurants, Korean",Cleveland,2,4.0,28
MzEzQLdcHcASsYVZ57UY8A,Waterstreet Grill,American (New),"Restaurants, American (New), Breakfast & Brunch",Cleveland,2,2.727272727272727,11
2r9U0--QqAK0JjL8vxB7mA,West Park Station,Italian,"Italian, Restaurants, American (Traditional), Irish",Cleveland,2,2.90625,32
GatUelEiMO2tShY16y6Zrg,Applebee's,Bars,"Bars, American (Traditional), Restaurants, Nightlife, Burgers, Sports Bars",Cleveland,2,3.6,5
4gO38_nlrPCHqEcs_6-AAg,Roseangel,Mexican,"Restaurants, Mexican",Cleveland,2,2.6875,16
ZL-4ejIO3DCgSsdRWwsX-A,Vincenza's Pizza & Pasta,Italian,"Restaurants, Italian, Pizza",Cleveland,1,4.2,45
AhQu7mLtmGlp8U2I-SV_jA,El Guero Mexican Grill,Mexican,"Restaurants, Mexican",Cleveland,1,2.7,20
LWk7Q5CTjpK-k_TfXdbApQ,Brasa Grill,Brazilian,"Brazilian, Steakhouses, Restaurants",Cleveland,3,3.3620689655172415,58
LaSI4hTI5EZ2DfcSvE0uWw,Stevenson's Bar & Grill,Burgers,"Burgers, Restaurants, American (New), Diners, Nightlife, Food, Bars",Cleveland,1,4.0,5
DPJMGfVPeSMBjAVKKKxiKw,The Blind Pig,American (Traditional),"American (Traditional), Restaurants",Cleveland,1,2.6842105263157894,19
6ExIH5FoPyMRhtz4p-2K1g,Sushi Rock,Sushi Bars,"Restaurants, Sushi Bars, Japanese",Cleveland,2,3.3137254901960786,51
ldoNHXUnh62ZhHwbr7EBqA,Dante's Pizza,Sandwiches,"Sandwiches, Pizza, Restaurants, Italian",Cleveland,1,3.8,10
ZLanOvPw7BscWDo0yC8Ncg,Aladdin's Eatery,Middle Eastern,"Middle Eastern, Restaurants, Mediterranean, Persian/Iranian",Cleveland,2,4.3076923076923075,13
Hew_aO1WsHAlRpaxXcbgqw,Rascal House Pizza,Pizza,"Pizza, Restaurants, Chicken Wings, Sandwiches",Cleveland,1,2.0588235294117645,17
g0MQNtwxfUBisDA7hMuLEA,806 Martini and Wine Bar,Wine Bars,"Wine Bars, Restaurants, American (New), Nightlife, Bars",Cleveland,2,3.4545454545454546,22
tYNK4--H4WDaUBZ13salzA,Jimmy John's,Delis,"Delis, Sandwiches, Restaurants",Cleveland,1,2.875,8
QRSmjSpB6Yn5iNS6q88tNg,Ginza Sushi House,Steakhouses,"Steakhouses, Japanese, Restaurants, Sushi Bars",Cleveland,2,3.4,15
9gXWjHAhDpzy1x6khHehrw,Graffiti: A Social Kitchen,Nightlife,"Nightlife, American (New), Restaurants, Bars",Cleveland,2,4.293103448275862,58
bprb8-OFeDNndWziTgjsOg,Famous Gyro George,Middle Eastern,"Restaurants, Middle Eastern, Sandwiches, Greek",Cleveland,1,3.5384615384615383,13
_HW7sgUShin0aGouFMiUdA,Cedar Lee Pub & Grill,Burgers,"Burgers, Restaurants, Nightlife, Sandwiches, American (Traditional), Bars, Pubs",Cleveland,2,3.7857142857142856,14
SoCjdgcYyj05tSPWz6MUXg,Pupuseria La Bendicion,Salvadoran,"Salvadoran, Food, Specialty Food, Latin American, Imported Food, Colombian, Ethnic Food, Restaurants",Cleveland,1,4.306451612903226,62
IAbq5UuXX_hJbxTOB5suWQ,Vintage Tea & Coffee,Desserts,"Desserts, Coffee & Tea, Restaurants, Tea Rooms, Bubble Tea, Food, Ice Cream & Frozen Yogurt, Cafes",Cleveland,2,4.4,25
qzjMO-bLXirGU1Q4_8vJEg,Vicinato Pizza,Pizza,"Pizza, Restaurants, Italian",Cleveland,2,2.625,8
Fy_FojwGrizFhLWoTPxFuQ,Michael's Diner,Diners,"Restaurants, Diners",Cleveland,1,3.6666666666666665,18
UtyW9cHs9Z8vIEt8I9aIeA,City Tap,Bars,"Bars, Nightlife, Restaurants, Sports Bars, American (Traditional)",Cleveland,2,3.522727272727273,44
km0bFbcjmggC-TfALhc75Q,Taste of Jamaica,Caribbean,"Restaurants, Caribbean",Cleveland,1,4.5,20
e7207sqC-pSn6GIf31ikhQ,West Side Market Café,Diners,"Restaurants, Diners, Breakfast & Brunch",Cleveland,1,3.6486486486486487,37
mTcPc9rE43XrG05RQOjnWw,Zanzibar Soul Fusion,Southern,"Southern, Restaurants, Soul Food",Cleveland,2,3.869565217391304,23
fZKECzeSUlr3kZL_2dzhrQ,Starbucks,Coffee & Tea,"Coffee & Tea, Food, Restaurants, Cafes, Fast Food",Cleveland,2,3.8,5
tUjyGFSN8wQqLgKp5Q0CUA,Trentina,Bars,"Restaurants, Bars, Italian, Nightlife",Cleveland,3,3.8484848484848486,33
XcQKsEUlh1W0R4iXbTA1Yg,Dervish Grill Tremont,Mediterranean,"Mediterranean, Turkish, Restaurants, Halal",Cleveland,2,4.2727272727272725,22
-Mm4YqCDM5CqSDDh7HI6Zw,Crust,Pizza,"Pizza, Restaurants, Salad, Italian",Cleveland,1,3.933333333333333,15
EXIZwIxLoiPDJs-oKzgaKw,Steak 'n Shake,Burgers,"Burgers, Restaurants, American (New), Steakhouses, Breakfast & Brunch, Fast Food, Diners",Cleveland,1,2.2941176470588234,17
rDegp5eG69OVtXo2380p4Q,Cafe Miami,Cuban,"Cuban, Restaurants, American (Traditional), Diners, Cafes, Sandwiches",Cleveland,1,4.166666666666667,24
GAxUBjzhiyPZl4Atk30MCQ,Metro Bar and Kitchen,Burgers,"Burgers, Restaurants, American (New)",Cleveland,2,3.3,10
Ni26IoQqRCy9iVeNV4vNFg,Frank's Falafel House,Mediterranean,"Mediterranean, Falafel, Middle Eastern, Restaurants",Cleveland,1,3.75,28
Clg5A2zdiFE-4BDEbfDkew,Kelley's Pub,Bars,"Bars, Restaurants, Gastropubs, Nightlife, Pubs",Cleveland,1,3.6,5
IWx4Yx1h-ramDGBNqNQ4MQ,Jimmy John's,Food Delivery Services,"Food Delivery Services, Sandwiches, Food, Delis, Restaurants",Cleveland,1,3.466666666666667,15
Lo_kU1f3Jd1qCQNrUVeo_w,Crêpes De Luxe,Creperies,"Creperies, Food Stands, Food, Desserts, Restaurants",Cleveland,1,3.88,25
UDiMCb4LKowlozI5mhtO_A,Rivals Sports Grille,American (New),"American (New), Nightlife, Restaurants, Bars, Sports Bars",Cleveland,2,3.875,16
nlrUUtIO0s0a6umCE55prA,Mulberry's,Active Life,"Active Life, Sports Clubs, Nightlife, Sports Bars, Bars, Restaurants, Pizza",Cleveland,1,3.4,5
_QySOnv3RBmL7GrbJ6beSw,Phnom Penh Restaurant,Cambodian,"Restaurants, Cambodian, Vietnamese",Cleveland,1,4.2,10
VQGetWNN1f0dMWQ6ehDAVg,Morton's The Steakhouse,American (Traditional),"American (Traditional), Bars, Nightlife, Steakhouses, Restaurants",Cleveland,4,2.92,25
-DU8jf5nA1_yaOqsKsLqmw,Tiffany's Pizza,Pizza,"Restaurants, Pizza, Sandwiches",Cleveland,1,4.0,5
3qLTly2tgDgBMVKyoK8O3w,Souper Market,Salad,"Salad, Restaurants, Vegetarian, Soup",Cleveland,1,4.5,10
1ForN8iXqYZ_dZZcOkvVeA,P.J.'s Luncheonette,Diners,"Diners, Food, Restaurants, Breakfast & Brunch, Coffee & Tea",Cleveland,1,3.25,12
4xnVH2jTVwrsO88q_jHWWw,pizzaBOGO,Pizza,"Pizza, Restaurants",Cleveland,1,4.105263157894737,38
dWShECwk4R1cQhzOzJXtIQ,Los Arcos Mexican Restaurant Bar and Grill,Nightlife,"Restaurants, Nightlife, Bars, Mexican, Desserts, Food",Cleveland,2,3.7777777777777777,9
goZV-PlwLJOB8s5O3GruxA,Bangkok Thai Cuisine,Thai,"Restaurants, Thai",Cleveland,2,4.016129032258065,62
orrrhqRRUORIzUSxWTveKg,Presti's Bakery,Food,"Food, Bakeries, Delis, Restaurants, Cafes",Cleveland,1,4.061538461538461,130
SGZAsdQAp0SjtMDjXWBPYw,Banana Blossom Thai Cuisine,Thai,"Thai, Restaurants",Cleveland,2,4.0144927536231885,69
qGJZ1C3rUjqZ6LAtNMjQtw,Aladdin's Eatery,Vegetarian,"Restaurants, Vegetarian, Mediterranean, Middle Eastern",Cleveland,2,3.912280701754386,57
5indH5UpallkkTNmXTMn7w,Popeyes Louisiana Kitchen,American (Traditional),"American (Traditional), Chicken Wings, Restaurants, Southern, Fast Food",Cleveland,1,2.25,8
BR7lkLeaLCZtUBvCLnltww,Big Daddy's Cheesesteaks,Cheesesteaks,"Cheesesteaks, Restaurants, Sandwiches",Cleveland,1,3.923076923076923,13
YiW3hYRpLKPhv99FkuZEbg,Nipa Hut Oriental Food Mart,Filipino,"Filipino, Buffets, Food, Specialty Food, Seafood Markets, Restaurants",Cleveland,2,4.2727272727272725,11
0S4mVrhhSfTsKRtBF_W_BQ,Tony's Southside Pizza,Pizza,"Restaurants, Pizza",Cleveland,2,3.7777777777777777,9
Y-oPVMkxgEsve1sG2iDLXA,Citizen Pie,Pizza,"Pizza, Restaurants",Cleveland,2,4.357142857142857,42
udFcIcbWbxrO8uLF95WnQg,Cowell & Hubbard,Bars,"Bars, Nightlife, Restaurants, French, Wine Bars",Cleveland,3,3.926829268292683,82
XJE_gq0I1Na0kkrGEgxq9A,Raving Med,Salad,"Restaurants, Salad, Mediterranean",Cleveland,1,3.8,5
Mb4V2aPneclZZ8BfZUjWGA,Ken Stewart's East Bank,Seafood,"Restaurants, Seafood, Steakhouses, Italian",Cleveland,3,3.8333333333333335,30
J2T_kHY2Ioe1SdFgtZl4bA,Falafel Cafe,Lebanese,"Lebanese, Mediterranean, Caterers, Restaurants, Middle Eastern, Falafel, Event Planning & Services",Cleveland,1,2.9183673469387754,49
Vj-QgRXDpCm7vLBBSckx8g,Sammy's Grille,Breakfast & Brunch,"Breakfast & Brunch, Diners, American (Traditional), Salad, Restaurants, Burgers",Cleveland,1,4.125,8
